-828742 ,-427568 ,-94703 ,191897 ,456415 
21179 ,-20148 ,-602 ,15418 ,2261 
-381313 ,294213 ,-5770 ,123468 ,48723 
11419 ,-48099 ,-278 ,49419 ,2589 
19555 ,-98737 ,-1205 ,111287 ,3441 
295540 ,-405529 ,-68473 ,-131873 ,224538 
3827 ,1605 ,5472 ,3751 ,7360 
10784 ,-58798 ,28888 ,-6761 ,25627 
-1676 ,-5009 ,2429 ,-3007 ,4395 
-26860 ,-48761 ,-17100 ,31840 ,41582 
-407487 ,-532723 ,-145629 ,154628 ,590802 
232819 ,-2371496 ,-342697 ,-381494 ,806593 
-993851 ,-721501 ,-254903 ,263961 ,506395 
-243422 ,-700058 ,-140525 ,-667753 ,539405 
-11625 ,-13176 ,-7259 ,-189 ,12322 
-6029 ,-28206 ,-2323 ,-14944 ,22077 
-50310 ,-66857 ,-8236 ,6696 ,36318 
-5236 ,-10050 ,184 ,2442 ,5775 
3638 ,3571 ,-7647 ,-4425 ,6621 
1887 ,-1169 ,-2690 ,-3024 ,3072 
40425 ,-62460 ,-13801 ,32860 ,16641 
-15831341 ,-21846449 ,-6921870 ,17339362 ,9748559 
26321 ,-61391 ,4148 ,10152 ,19879 
-31950 ,-56892 ,-46568 ,3897 ,64479 
2477580 ,-2559749 ,307344 ,11300 ,2956587 
192355 ,-843253 ,72687 ,74768 ,406394 
228946 ,-761172 ,-369420 ,-103069 ,429559 
284663 ,-182799 ,-14044 ,-42172 ,197264 
46833 ,-200339 ,106451 ,3137 ,216085 
208625 ,-2360413 ,-2071062 ,-305031 ,2610326 
-1233483 ,-11368 ,-295771 ,166065 ,596835 
815 ,-937 ,-5 ,609 ,91 
170672 ,-17113 ,60787 ,-86099 ,190738 
4 ,13 ,-0 ,6 ,5 
85158 ,-196672 ,-217 ,136379 ,10597 
245166 ,-246198 ,8486 ,42080 ,156072 
3328 ,38795 ,17436 ,-21168 ,28048 
1948 ,-20746 ,13369 ,3192 ,11596 
-4816 ,6200 ,3556 ,4480 ,9068 
-5466 ,-56211 ,6151 ,22207 ,25490 
252243 ,-546332 ,302120 ,82765 ,625490 
424810 ,-987522 ,35151 ,-155984 ,321245 
-410215 ,-222868 ,-21071 ,-100509 ,280943 
-131433 ,-1182892 ,-235025 ,3156669 ,1677967 
-37660 ,-574 ,-10257 ,22828 ,27717 
2524 ,-10860 ,3315 ,14923 ,22915 
-43685 ,-8524 ,-21369 ,8258 ,36862 
-2197 ,13444 ,-2531 ,-508 ,8454 
11105 ,8072 ,-18652 ,-1748 ,10204 
498 ,1211 ,240 ,-1278 ,952 
10201 ,-1426 ,-4393 ,9966 ,8255 
-3729068 ,-1739222 ,-5007772 ,4860511 ,13388380 
2996 ,-12270 ,3799 ,4730 ,4501 
-6745 ,15718 ,-4491 ,-693 ,17453 
-187674 ,-1489137 ,49889 ,2222569 ,1213589 
96220 ,-1490636 ,-102952 ,653001 ,521410 
-13992 ,-1065609 ,121713 ,196323 ,361984 
59574 ,-68064 ,18016 ,66768 ,39534 
29656 ,-257956 ,225984 ,35627 ,38300 
72282 ,-637113 ,351695 ,157963 ,561379 
-866882 ,3738674 ,-533868 ,189535 ,1522806 
34104702 ,-25600458 ,-953566 ,6919016 ,9472418 
-110429 ,233053 ,10427 ,-144107 ,130165 
877543 ,-671745 ,18610 ,307437 ,146901 
16631 ,-2684 ,-2216 ,-18806 ,12522 
1605349 ,-1515606 ,-851983 ,-185868 ,1315864 
63173 ,-126977 ,-23447 ,-31204 ,169903 
-1398 ,-177112 ,-25964 ,-12323 ,144158 
-11664 ,128253 ,-82533 ,-99192 ,54175 
250855 ,-477754 ,13429 ,-203499 ,398321 
-3473307 ,-3021450 ,297826 ,1703960 ,2273645 
-56894 ,-200409 ,-160895 ,-467969 ,812630 
-2270919 ,1438645 ,-1046430 ,-4155427 ,3281530 
23216205 ,-3625424 ,3129499 ,15603180 ,15211435 
-270522 ,-179297 ,41318 ,132133 ,109674 
-466017 ,-52836 ,-7699 ,30406 ,177279 
-139787 ,-127851 ,130481 ,-460 ,82840 
-9183 ,-72896 ,28224 ,884 ,53071 
-4997 ,-49175 ,5817 ,1991 ,38855 
-789 ,-5160 ,79 ,-1937 ,6702 
29635 ,-30413 ,-14524 ,7235 ,22111 
-80937448 ,-23484209 ,-23318620 ,14782732 ,56394825 
21835 ,-49508 ,-3972 ,7474 ,20782 
-31255 ,-19733 ,-18760 ,2263 ,23174 
4343846 ,-3355347 ,-69670 ,-81411 ,3691211 
143565 ,49765 ,-307081 ,-28116 ,346272 
-172692 ,28892 ,192748 ,123578 ,186488 
5884 ,48408 ,-71501 ,-9441 ,126411 
28035 ,36271 ,219629 ,8496 ,84178 
1263319 ,570503 ,-1462233 ,-248705 ,2283262 
-1140587 ,-1525203 ,1404159 ,-144129 ,1725890 
29403120 ,-16123021 ,-347646 ,3047624 ,6155787 
-20225 ,-32094 ,5 ,43653 ,81 
435216 ,-212737 ,1382 ,28418 ,29118 
-1929 ,3341 ,148 ,-949 ,701 
121040 ,-223903 ,110830 ,-44719 ,110100 
307 ,6320 ,910 ,-8276 ,5454 
450 ,672 ,1438 ,-2559 ,1580 
-1830 ,-958 ,1963 ,-547 ,1516 
-75007 ,-8730 ,-14270 ,-36499 ,64598 
-1501425 ,-1083927 ,492568 ,-935461 ,4344928 
-196425 ,112220 ,1291803 ,-1283671 ,1394589 
-1251396 ,1397583 ,450327 ,-261019 ,1110463 
2240458 ,396817 ,175704 ,-13808458 ,4968960 
-22169 ,25133 ,-9390 ,-22810 ,12251 
-202661 ,-89961 ,-2503 ,-50617 ,95936 
-29558 ,-42912 ,4001 ,-51707 ,39619 
-2083 ,-3591 ,1931 ,-1609 ,2665 
365174 ,-886097 ,426766 ,106985 ,18547 
-234 ,-207 ,6 ,-306 ,224 
402 ,-626 ,22 ,69 ,110 
-46040602 ,-18263592 ,-10618780 ,7694613 ,42037857 
3274 ,-7216 ,-841 ,79 ,3989 
-50204 ,-20713 ,-30866 ,-984 ,33186 
1923388 ,-1073953 ,1161594 ,467426 ,2254379 
-71652 ,-1065560 ,431080 ,-121103 ,883338 
972416 ,-706479 ,43746 ,-78115 ,560738 
-36567 ,82751 ,-71240 ,-7283 ,61542 
87 ,43467 ,54525 ,1436 ,34362 
782724 ,1115421 ,-142684 ,-177916 ,946296 
3001920 ,741317 ,-49734 ,-1876456 ,2328162 
9849768 ,-6192545 ,82746 ,2717825 ,1687711 
-68141 ,-140423 ,-159 ,141826 ,20099 
46594 ,-44628 ,8734 ,15278 ,35966 
13508 ,-748 ,4634 ,-20053 ,10184 
407300 ,-430382 ,185512 ,-94831 ,448090 
16212 ,-12158 ,19267 ,-17290 ,26739 
2323 ,-7426 ,6012 ,-2572 ,3738 
-6844 ,-11771 ,1980 ,2451 ,8917 
-15370 ,-51106 ,24192 ,1236 ,33226 
-903420 ,-2551155 ,205136 ,657855 ,1196863 
-827062 ,2627121 ,936208 ,109467 ,1649259 
-837877 ,-528367 ,657888 ,452412 ,927767 
-301051 ,-2916861 ,360911 ,995264 ,2404775 
-25203 ,-125457 ,38529 ,69970 ,7420 
-103659 ,-15561 ,-16997 ,-2332 ,40659 
-4328 ,449 ,-2606 ,-6790 ,6091 
-32031 ,-29348 ,16169 ,25468 ,7977 
1177 ,2399 ,-3406 ,-1991 ,2298 
0 ,0 ,0 ,-1 ,1 
1963 ,-7952 ,-4041 ,-236 ,3879 
-46802837 ,14986401 ,-32392740 ,4207608 ,68682963 
341410 ,54350 ,-371470 ,-270734 ,256069 
-41939 ,-35563 ,-51571 ,2697 ,37471 
-1827988 ,-4369344 ,403484 ,4256613 ,4458012 
-2126208 ,666690 ,-985863 ,842157 ,1266280 
270176 ,708920 ,-262282 ,468294 ,1279898 
-110302 ,-63435 ,-42145 ,-28434 ,129157 
26447 ,-20297 ,47469 ,-11072 ,30999 
814270 ,-1340142 ,-2056096 ,-25091 ,2105800 
-1583559 ,-2154103 ,760355 ,24404 ,2003554 
5642034 ,-3939892 ,41996 ,-830300 ,2797067 
389374 ,1077393 ,59401 ,-516366 ,581912 
440157 ,-214635 ,4640 ,48904 ,102963 
45781 ,-46631 ,1202 ,24262 ,13209 
714265 ,-1078818 ,693223 ,103121 ,716676 
103971 ,-11988 ,77638 ,-66438 ,58638 
66352 ,5553 ,155689 ,-25506 ,79759 
12237 ,-31891 ,11753 ,17196 ,39361 
-113906 ,-202477 ,63108 ,105962 ,124946 
-844322 ,-2941656 ,36899 ,-1253681 ,2073736 
-237680 ,-396238 ,392782 ,483746 ,1486410 
-479748 ,-2216241 ,134722 ,1007694 ,1138998 
-7451344 ,-5163019 ,121399 ,4854032 ,6145352 
-85070 ,-25168 ,12738 ,15406 ,98813 
100148 ,-446558 ,36709 ,155087 ,247285 
-133096 ,-15472 ,22849 ,-33111 ,144340 
-109426 ,-67029 ,3181 ,38420 ,104886 
13287 ,10501 ,16306 ,3600 ,19419 
335 ,-20 ,427 ,-295 ,3325 
19942 ,21957 ,-23186 ,2579 ,27550 
-105264710 ,9653775 ,-12015841 ,-20752440 ,43250308 
62666 ,-1146032 ,394651 ,38032 ,470651 
-8195 ,-66742 ,-17051 ,-1383 ,40006 
11709528 ,-8562949 ,-362434 ,-774332 ,6122068 
152702 ,-129090 ,7653 ,-17394 ,267749 
114368 ,-90701 ,-106681 ,-45743 ,195401 
32843 ,6692 ,27474 ,53357 ,86890 
62567 ,3573 ,60618 ,997 ,43310 
1054290 ,-89191 ,-36630 ,148964 ,1423902 
-1258358 ,-2332177 ,-507448 ,492146 ,1180116 
2550152 ,-1831825 ,-164999 ,-7508 ,1228428 
-706697 ,48874 ,34059 ,-158762 ,469479 
165717 ,-159969 ,-13636 ,18697 ,67188 
132548 ,-59525 ,-4017 ,57769 ,22800 
2919831 ,-7165784 ,-23367 ,3336140 ,2446608 
8530 ,-9008 ,-426 ,204 ,16569 
27 ,-87035 ,93444 ,-3821 ,12127 
-66918 ,-138404 ,-23569 ,123971 ,66355 
-187673 ,-462505 ,-122837 ,240561 ,249309 
-1609108 ,-3416903 ,-206385 ,1321927 ,722704 
-46618 ,-1495807 ,-440000 ,320924 ,1133874 
-832636 ,-1452241 ,186784 ,1080870 ,623090 
-2380933 ,-1828489 ,-719606 ,304936 ,2075927 
-36395 ,-29992 ,-8392 ,18161 ,17607 
-95568 ,-104006 ,-17627 ,59321 ,61298 
127594 ,-111953 ,-78742 ,88027 ,185633 
-8200 ,-42771 ,4358 ,25775 ,9975 
3506 ,1331 ,-1573 ,-6999 ,8882 
-14631 ,-28284 ,1677 ,38348 ,1493 
40438 ,-38628 ,-3227 ,24992 ,15003 
-103496189 ,-39040649 ,2394017 ,78212419 ,29524286 
197285 ,-117749 ,-141924 ,-46240 ,136282 
-6649 ,-61624 ,-48959 ,2795 ,33816 
5032150 ,-818132 ,-930933 ,-1347119 ,1862293 
1268062 ,-1588420 ,-884500 ,-159174 ,925198 
140417 ,-908857 ,-428891 ,92673 ,539299 
401008 ,-377682 ,-105226 ,179729 ,192748 
5034 ,-67030 ,62788 ,-14132 ,29788 
667414 ,-4403998 ,-1716817 ,780888 ,2536734 
-2819959 ,-2427760 ,-293916 ,1270504 ,2638196 
17418382 ,-4521042 ,707963 ,-2789379 ,2856849 
-1496221 ,-515866 ,123657 ,-98295 ,896280 
-1374 ,-7141 ,-1810 ,1755 ,4441 
13682 ,-18348 ,-102 ,19274 ,2570 
698249 ,-799846 ,30242 ,230404 ,348226 
1367 ,412 ,-15221 ,-2356 ,9881 
-71 ,1305 ,-1589 ,-710 ,1017 
-8580 ,-16550 ,1499 ,8526 ,6951 
-24565 ,30753 ,9304 ,-32313 ,46421 
919253 ,294169 ,439459 ,-2005675 ,5733872 
-427800 ,1079078 ,-104085 ,167505 ,1568864 
208264 ,-474058 ,200946 ,-356697 ,597539 
-1679513 ,32018 ,-210770 ,-808379 ,1060441 
-6176 ,2846 ,-2162 ,-1663 ,5140 
-334640 ,-63109 ,-9869 ,-23940 ,128268 
-14676 ,-15679 ,8761 ,-23108 ,23226 
-10188 ,-233 ,-6895 ,-8701 ,9705 
-665 ,313 ,-2145 ,-610 ,1060 
-1053 ,2980 ,-494 ,-2860 ,1463 
69568 ,-432065 ,-313322 ,139183 ,220349 
-61557449 ,11179301 ,1928495 ,-7700796 ,38619247 
3007 ,-6393 ,164 ,857 ,6221 
-2310 ,2225 ,-1762 ,-39 ,2170 
3078038 ,-1143959 ,1423698 ,918217 ,3334750 
1020442 ,-434185 ,452917 ,469512 ,1309912 
-85310 ,-288811 ,339 ,323691 ,911736 
-18264 ,137370 ,-5854 ,-13235 ,67082 
8577 ,89502 ,98844 ,-253 ,51843 
532777 ,2667367 ,-10994 ,52569 ,1437343 
-363673 ,-366979 ,90879 ,-78176 ,525654 
0 ,0 ,0 ,0 ,0 
-65 ,2981 ,159 ,-2038 ,691 
0 ,0 ,0 ,0 ,0 
0 ,0 ,0 ,0 ,0 
100263 ,-181944 ,70518 ,-65414 ,169667 
20992 ,19212 ,-38290 ,-64787 ,43843 
15564 ,-15178 ,-52269 ,-20354 ,42208 
-1466 ,274 ,3315 ,-482 ,4641 
-63063 ,-75315 ,34937 ,57496 ,59047 
1060509 ,-270784 ,-84806 ,-1606806 ,1051767 
-148823 ,-81276 ,-94385 ,-44042 ,484553 
-255093 ,-132940 ,17288 ,-146015 ,277067 
-1742102 ,304762 ,-74429 ,-523543 ,1248313 
-36358 ,7559 ,-9426 ,-23119 ,30158 
-33248 ,-15848 ,179 ,-1952 ,27776 
-39386 ,-46134 ,16760 ,4848 ,40761 
765 ,-2844 ,-4957 ,-10160 ,13288 
7124 ,5871 ,-9084 ,-3868 ,7140 
-1528 ,890 ,-26 ,-1107 ,1951 
8881 ,-3953 ,-7332 ,-926 ,5467 
-3229348 ,-16981016 ,-1998745 ,516801 ,14711587 
164435 ,-404231 ,-223280 ,-46207 ,570934 
-141262 ,-88716 ,-37971 ,570 ,97825 
7564188 ,-6438497 ,-165696 ,712678 ,5484129 
315557 ,-1108134 ,474226 ,458697 ,500790 
35245 ,-584427 ,-315956 ,-18221 ,380220 
257838 ,-87333 ,-39353 ,4523 ,287132 
7074 ,-33213 ,228759 ,9814 ,93565 
-123856 ,-592673 ,-425464 ,-47505 ,1413825 
-2377162 ,-438758 ,662368 ,149053 ,2072389 
3912071 ,-1151583 ,548855 ,-3115073 ,945091 
-51812 ,-18499 ,12613 ,88974 ,16088 
13946 ,-2150 ,2220 ,5214 ,5012 
-63156 ,-32723 ,8272 ,30711 ,32419 
481263 ,-922366 ,303512 ,-151146 ,522376 
204420 ,-138579 ,197602 ,56313 ,320053 
-4053 ,-165263 ,100582 ,13488 ,123365 
-85317 ,-87382 ,44041 ,25668 ,55294 
250254 ,-516274 ,419617 ,-381084 ,521365 
-1361048 ,-790555 ,1477604 ,455055 ,834861 
-52350 ,-2727675 ,474188 ,1384982 ,1622442 
-1169247 ,-2489688 ,455163 ,-513989 ,2329895 
6119987 ,-1632261 ,2081514 ,23864 ,4613639 
12983 ,-84293 ,14688 ,-22276 ,86626 
-103068 ,-103818 ,101492 ,-15065 ,183687 
-278768 ,-308920 ,338760 ,78253 ,122049 
-57477 ,-113354 ,-1336 ,17386 ,63501 
31107 ,-25861 ,-21975 ,9348 ,28792 
-2451 ,-20361 ,3070 ,15456 ,7880 
24844 ,-27259 ,1626 ,-1138 ,15028 
-65297926 ,5109085 ,15241980 ,-33292594 ,55362537 
490455 ,-316908 ,114062 ,-173408 ,301115 
-5505 ,-9296 ,3501 ,-88 ,15417 
8532716 ,-4609328 ,3075708 ,1238869 ,4894559 
98983 ,-213874 ,203100 ,32412 ,225183 
28352 ,-104468 ,13584 ,22835 ,119932 
57270 ,34347 ,11165 ,5399 ,32837 
1262 ,15544 ,36219 ,-733 ,14913 
11685 ,227932 ,203239 ,25402 ,246170 
-2652482 ,-1656640 ,621146 ,-453769 ,2269036 
461297 ,-219485 ,-73272 ,-138511 ,58859 
0 ,0 ,0 ,0 ,0 
3525 ,237 ,309 ,-4602 ,1617 
-26618 ,5497 ,1908 ,-2996 ,15385 
123830 ,-432781 ,-38735 ,-159559 ,363527 
285317 ,-436195 ,212633 ,161438 ,383650 
57068 ,-235095 ,137856 ,-15488 ,172850 
-19866 ,-18444 ,-4752 ,-4967 ,26468 
212053 ,-662341 ,30512 ,101821 ,350917 
-1677351 ,-325811 ,586092 ,-499033 ,1248479 
910132 ,-1680276 ,129978 ,252644 ,1154165 
413563 ,-1856376 ,787499 ,-491679 ,2102168 
-2573160 ,186881 ,105913 ,1140476 ,805191 
-131665 ,-65886 ,7127 ,62502 ,69226 
65056 ,-118442 ,3920 ,-39865 ,88054 
89287 ,-199914 ,34783 ,-44185 ,130503 
18220 ,-104558 ,2619 ,-17576 ,64739 
14491 ,-15741 ,-6140 ,-4935 ,30486 
10516 ,-13268 ,1629 ,-3416 ,8631 
4544 ,-137 ,-7779 ,-8669 ,38417 
-23581010 ,-32958616 ,-9076528 ,-5729460 ,43959956 
2362 ,-13013 ,4167 ,-814 ,8680 
-48759 ,-11697 ,-64629 ,86 ,42341 
5853443 ,-2943072 ,-761980 ,409404 ,3753081 
271884 ,-53972 ,4124 ,23619 ,331795 
-36758 ,-49533 ,87000 ,7913 ,308401 
2490 ,-18928 ,8132 ,-698 ,70851 
15067 ,-5185 ,34431 ,1702 ,16058 
502424 ,-250635 ,-206742 ,30622 ,631050 
-1122839 ,-424319 ,-328010 ,-92040 ,1183520 
7814674 ,-2331293 ,-474999 ,-3248022 ,3405852 
0 ,0 ,0 ,0 ,0 
32893 ,-22796 ,2075 ,23729 ,10447 
-1082 ,-36411 ,19386 ,-6382 ,27140 
824829 ,-880959 ,218102 ,2347 ,533290 
47351 ,-28047 ,24041 ,-8628 ,30984 
5820 ,-35831 ,19179 ,1870 ,14049 
-8145 ,-26816 ,2036 ,8867 ,14651 
5171 ,-355045 ,51841 ,98103 ,187741 
-335307 ,-229836 ,8806 ,8160 ,205139 
1174784 ,-2859144 ,150291 ,1058731 ,756829 
-2027488 ,-4751419 ,3418013 ,2094458 ,2425487 
-1514200 ,-3163229 ,186521 ,4354355 ,2435767 
-16403 ,-20173 ,-1494 ,13939 ,12992 
-93204 ,-128065 ,-2818 ,78506 ,61657 
-32896 ,-23916 ,10836 ,4423 ,25924 
-9792 ,-28848 ,-1692 ,15683 ,15722 
2586 ,-17053 ,346 ,5509 ,5720 
-731 ,-1093 ,244 ,447 ,775 
9911 ,-8585 ,-2205 ,3357 ,5493 
-26584345 ,-37133492 ,-3255657 ,43714904 ,33965924 
30958 ,1675 ,-17409 ,-3934 ,38234 
-2529 ,-19892 ,-6182 ,3409 ,17850 
3159537 ,760271 ,-171521 ,-402962 ,2237989 
-113540 ,-130322 ,127331 ,-76073 ,219122 
132054 ,-107302 ,-62415 ,-36372 ,175598 
28349 ,46902 ,983 ,-8730 ,28615 
803 ,14633 ,16648 ,188 ,9535 
140677 ,546393 ,-110614 ,31616 ,352408 
-2959771 ,-2326065 ,-107616 ,382525 ,1816951 
4319 ,-17997 ,-21224 ,-73101 ,87744 
0 ,0 ,0 ,0 ,0 
69356 ,-74793 ,7144 ,-36358 ,25273 
12155 ,-28959 ,6295 ,-9324 ,16230 
674756 ,-1325410 ,106763 ,58658 ,664407 
48257 ,-238475 ,114079 ,459286 ,229729 
42825 ,-299907 ,133794 ,139873 ,170476 
39664 ,-55902 ,7726 ,15009 ,23892 
185791 ,-593718 ,14036 ,421244 ,275046 
62743 ,284797 ,6671 ,190332 ,221237 
-254480 ,-577836 ,24203 ,43922 ,298320 
-2314209 ,-1023659 ,1460745 ,729688 ,1635998 
-350200 ,-809166 ,299610 ,-45395 ,881330 
2921 ,-26629 ,2215 ,7678 ,21124 
50052 ,-33174 ,2500 ,6744 ,20376 
6057 ,-83822 ,49686 ,5891 ,43527 
4559 ,-32275 ,13664 ,1673 ,14205 
2144 ,-11324 ,-10210 ,-2523 ,15735 
-1129 ,1157 ,-1222 ,-2481 ,1974 
-24566 ,63368 ,-27053 ,-11827 ,39794 
-40112857 ,-2517396 ,-7806146 ,-1512357 ,22850519 
71745 ,-214230 ,67355 ,26459 ,61630 
-24557 ,11944 ,6145 ,786 ,11603 
-960359 ,-435042 ,-563549 ,1593628 ,1955781 
196586 ,-178086 ,17135 ,83885 ,135446 
44932 ,-189741 ,-76014 ,-2775 ,168149 
19570 ,-199075 ,-25760 ,14992 ,95435 
4751 ,-44864 ,73159 ,2727 ,9692 
659733 ,-2325639 ,-655917 ,123755 ,1152024 
-965892 ,-1134594 ,-235336 ,-113282 ,883881 
1332004 ,-158334 ,-143338 ,-311027 ,701171 
0 ,0 ,0 ,0 ,0 
60406 ,-35270 ,9358 ,-12097 ,18495 
24290 ,55801 ,25174 ,-47625 ,48917 
952741 ,-486413 ,92587 ,199 ,431719 
37943 ,19234 ,45129 ,-15384 ,49058 
12442 ,-10543 ,25366 ,-4921 ,17425 
-7850 ,10397 ,-1964 ,-2312 ,9512 
50954 ,46648 ,44880 ,-80318 ,127311 
-219060 ,-1386244 ,53238 ,143423 ,471292 
37601 ,-351755 ,47222 ,-57211 ,140941 
-46501 ,-8076252 ,7254042 ,1268980 ,2032120 
5512329 ,-5084219 ,794596 ,3801628 ,1521083 
-9356 ,-10590 ,4134 ,4684 ,6889 
-39827 ,-1695 ,5684 ,4857 ,12642 
-2808 ,-23689 ,52003 ,-8563 ,25364 
9131 ,-8495 ,2507 ,-999 ,9727 
7071 ,970 ,-3846 ,-765 ,3730 
-5147 ,5916 ,3745 ,-1088 ,2699 
3439 ,2737 ,-5014 ,1574 ,5842 
-29421546 ,-22787574 ,7663484 ,20057784 ,12431461 
21605 ,-134776 ,19659 ,3375 ,39418 
-2114 ,736 ,353 ,170 ,3015 
336336 ,-996351 ,-578126 ,535027 ,1949172 
-66136 ,-93514 ,203575 ,3960 ,190507 
82945 ,-35511 ,36124 ,-4501 ,72316 
18045 ,-6095 ,-287 ,-9950 ,15641 
2603 ,-2053 ,14707 ,433 ,4029 
-37152 ,-171584 ,85748 ,28880 ,326093 
-4415216 ,-8192232 ,-1313170 ,38077 ,3645580 
6857831 ,3701175 ,303809 ,-9071002 ,6369484 
-503925 ,542502 ,90192 ,-490682 ,310852 
-22324 ,139960 ,15509 ,-202325 ,88135 
-28069 ,4372 ,2032 ,-13948 ,22237 
1674726 ,-1831968 ,-2107836 ,314470 ,2433138 
850844 ,-424421 ,-201709 ,43317 ,488690 
62155 ,-185395 ,-123630 ,-9187 ,161285 
-82308 ,-179890 ,21971 ,-22101 ,130173 
689996 ,-857454 ,-156 ,-274886 ,931504 
1361036 ,-5728313 ,639013 ,196039 ,2895345 
-1758341 ,-5840476 ,-133313 ,-802411 ,4148686 
9138397 ,-6479327 ,1213338 ,-1732406 ,4338453 
10791802 ,-6372980 ,1707340 ,-10580376 ,7218926 
75746 ,-136739 ,-10547 ,-55218 ,95621 
491917 ,-440508 ,38763 ,-259561 ,334656 
-302579 ,-576970 ,408320 ,133085 ,313259 
-139604 ,-200154 ,77947 ,26662 ,224501 
200694 ,-91118 ,14726 ,27804 ,77552 
10734 ,-12761 ,3103 ,880 ,12610 
-40483 ,32321 ,-60988 ,-10179 ,53206 
-17442844 ,-93945928 ,-4809262 ,-6842308 ,67854095 
-80503 ,-96949 ,192055 ,118139 ,238269 
-15345 ,-97880 ,-1752 ,-1578 ,68302 
-1233301 ,-194595 ,-2623663 ,-3220323 ,9027595 
984654 ,417822 ,-852057 ,439336 ,1009726 
338193 ,366178 ,-541677 ,-195399 ,903512 
129559 ,246008 ,-206658 ,-79011 ,284370 
16658 ,43490 ,99411 ,6168 ,49078 
-360705 ,2359281 ,-237378 ,-74579 ,3197678 
-1527672 ,-1117311 ,-407235 ,435541 ,2131632 
36011198 ,-12269229 ,2575197 ,-7385902 ,6112833 
-1521367 ,411272 ,187905 ,21314 ,450668 
59810 ,-34695 ,9613 ,-347 ,33726 
-5001 ,-4772 ,6861 ,-7534 ,18015 
1392784 ,-2501302 ,51143 ,-244570 ,1744171 
122965 ,-302262 ,134236 ,-5812 ,175376 
55301 ,-256435 ,51357 ,-2342 ,144703 
-55277 ,-79242 ,-9643 ,-1809 ,65297 
463242 ,-1306256 ,62907 ,18616 ,601203 
2226634 ,-4114932 ,1088329 ,-590378 ,2220063 
-152823 ,2977532 ,252443 ,63268 ,1311794 
-2298889 ,-3166926 ,817441 ,2153158 ,3120723 
1826030 ,-2940674 ,895990 ,-329779 ,3522792 
48563 ,-106443 ,-29792 ,-87088 ,109970 
109267 ,-146252 ,19980 ,-202149 ,150330 
-325216 ,-362423 ,243812 ,-77740 ,287995 
-32467 ,-158499 ,84526 ,-18501 ,97637 
1369 ,-310639 ,36017 ,130024 ,66850 
-10450 ,-3959 ,624 ,-4065 ,6349 
22876 ,-25618 ,-34359 ,-11912 ,57773 
-74778951 ,-38777596 ,31436475 ,-14173292 ,48127583 
1046841 ,-1842244 ,525446 ,-51755 ,515531 
-13308 ,26207 ,23781 ,153 ,20047 
-1202569 ,99725 ,282183 ,-293153 ,3338833 
56648 ,95053 ,24926 ,-160293 ,124942 
-153988 ,213254 ,-7249 ,1842 ,277617 
10024 ,29942 ,-4386 ,-773 ,19170 
3506 ,9289 ,10647 ,-72 ,6375 
75949 ,506434 ,-45504 ,-14130 ,348181 
-4323342 ,-2000680 ,-1259864 ,946877 ,2612790 
46987 ,-88722 ,-23362 ,8849 ,44324 
-732641 ,-1553857 ,41794 ,1576201 ,176409 
749360 ,-469501 ,22541 ,-38393 ,107399 
56935 ,-180921 ,34672 ,25147 ,75380 
3875742 ,-3025268 ,336163 ,341772 ,2018691 
342581 ,-104110 ,-211434 ,-146208 ,335134 
13561 ,8317 ,-24536 ,-25190 ,109184 
-55599 ,-19801 ,52078 ,6750 ,63684 
-472142 ,105288 ,114812 ,-38731 ,439527 
-782779 ,-239600 ,359421 ,364799 ,461979 
5105500 ,-11254867 ,638874 ,-836349 ,4913579 
479763 ,-2778571 ,10113882 ,-1208114 ,4866970 
-465531 ,-2199578 ,257284 ,1864740 ,2375703 
-105505 ,4179 ,33612 ,-5548 ,49420 
135448 ,226410 ,-15250 ,26313 ,175578 
-391544 ,-185973 ,5837 ,10305 ,140460 
72896 ,-128092 ,-48692 ,1281 ,58525 
-1523 ,-40825 ,13694 ,1317 ,15940 
-14997 ,4708 ,-3693 ,-1479 ,5335 
32833 ,-9199 ,-21889 ,4249 ,27044 
60000266 ,-43552957 ,-28294 ,-10371650 ,27545053 
-3656 ,13551 ,-7139 ,-6118 ,11946 
238943 ,-127763 ,-137331 ,-6353 ,122885 
148191 ,-10497592 ,15481583 ,-1332314 ,6778442 
-85504 ,655871 ,-156520 ,-133952 ,528689 
174653 ,1242249 ,-476425 ,-80509 ,1001649 
21411 ,37283 ,23045 ,-10479 ,84091 
-2113 ,19473 ,100599 ,5191 ,41105 
-672386 ,389259 ,-89114 ,-110620 ,1298353 
-1426552 ,-1510808 ,1233954 ,42725 ,2567070 
14392270 ,-7620079 ,1103930 ,-1658967 ,2463650 
0 ,0 ,0 ,0 ,0 
166516 ,-90384 ,10376 ,62284 ,35128 
65310 ,-120663 ,34754 ,-94043 ,92791 
1062925 ,-2448945 ,782013 ,185150 ,1006001 
10936 ,-278521 ,388165 ,-103539 ,195719 
18321 ,-96568 ,8136 ,-6747 ,58372 
19968 ,-271465 ,95080 ,-9625 ,126602 
655319 ,-1545916 ,366859 ,-175886 ,937076 
1141588 ,-952231 ,22906 ,-1208969 ,1296629 
-153878 ,-2650509 ,491934 ,2035212 ,3119655 
-3999362 ,-6482052 ,5564905 ,1210364 ,3332922 
-3695961 ,-2548226 ,863388 ,1177807 ,2608506 
-288829 ,-189912 ,96591 ,98804 ,141696 
-310056 ,-307875 ,20442 ,167789 ,118841 
-72737 ,-146321 ,78168 ,-14724 ,70164 
-35015 ,-129617 ,-6911 ,101 ,72067 
37697 ,-230788 ,76282 ,74009 ,42084 
-23101 ,-14385 ,-418 ,-5055 ,13847 
-42470 ,-34756 ,33603 ,25647 ,36888 
-32644207 ,-29147460 ,4574197 ,6765184 ,24969644 
8272 ,-18455 ,-8141 ,140 ,16478 
-18848 ,-41346 ,-79860 ,-7060 ,50705 
7203874 ,-6583980 ,-2346367 ,116846 ,4842714 
3758125 ,-2475668 ,-402046 ,211726 ,1368581 
173744 ,-2311741 ,-264588 ,64135 ,1355260 
40607 ,92901 ,-10119 ,-1178 ,32983 
2549 ,22604 ,8245 ,217 ,8906 
123956 ,1396344 ,-99890 ,13841 ,460713 
-1762236 ,-1099958 ,-49728 ,4838 ,1770589 
0 ,0 ,0 ,0 ,0 
-128806 ,97085 ,15408 ,70251 ,77068 
-2968 ,-21446 ,11684 ,5490 ,13939 
14157 ,-22526 ,6589 ,-317 ,10077 
1289320 ,-1930703 ,-512551 ,-186976 ,1085266 
-39252 ,-75961 ,-137553 ,-41015 ,479344 
65158 ,-513766 ,-187653 ,66214 ,316824 
-15791 ,-39312 ,-23197 ,-13277 ,38332 
-634504 ,-993739 ,412987 ,26441 ,744672 
-676397 ,-1420156 ,259740 ,174928 ,1028418 
416479 ,-1310267 ,179492 ,-529608 ,584589 
-623343 ,-2443611 ,4396750 ,-705887 ,2939123 
-1620815 ,314459 ,1461215 ,1123994 ,2007231 
-228914 ,-432348 ,626080 ,-95592 ,275574 
-1610 ,-96782 ,5975 ,90470 ,42482 
-69297 ,-130392 ,-51551 ,-13463 ,108709 
-142402 ,-273753 ,129163 ,-42771 ,170073 
134836 ,-245014 ,-157222 ,4956 ,148991 
-614 ,3801 ,7668 ,-7483 ,13149 
175135 ,780743 ,-132905 ,-99116 ,224345 
-47871503 ,-716839 ,-6181337 ,-13004919 ,48279790 
520054 ,-505964 ,32249 ,-8864 ,347495 
-13684 ,-28414 ,-76823 ,1159 ,42511 
8346167 ,-8144583 ,-1325673 ,-553970 ,7925994 
726709 ,-525555 ,-429065 ,-99005 ,895790 
189373 ,-560641 ,-735327 ,-49281 ,991799 
-13522 ,-49198 ,-15024 ,4700 ,47638 
5254 ,-17176 ,42871 ,597 ,10689 
79373 ,-652674 ,-194815 ,-30378 ,562349 
-323450 ,-370599 ,3229 ,205664 ,508231 
24557 ,-5202 ,-5232 ,-14977 ,10813 
0 ,0 ,0 ,0 ,0 
53773 ,-17596 ,3348 ,17516 ,11858 
-3137 ,-9701 ,1234 ,1457 ,5650 
1635915 ,-1747710 ,-20421 ,260250 ,1748132 
3624 ,-12385 ,-77432 ,4517 ,42325 
3699 ,-24810 ,16610 ,-7094 ,10655 
-16812 ,-72707 ,29029 ,23796 ,24038 
146183 ,-931916 ,188233 ,290470 ,537253 
-40358 ,110542 ,47716 ,124930 ,102822 
-180682 ,244800 ,49512 ,200046 ,406828 
50675 ,-1769118 ,501311 ,96529 ,1413905 
-282436 ,-477311 ,844459 ,75801 ,1933615 
-50132 ,-39935 ,-12898 ,22026 ,29985 
-32071 ,-11941 ,2219 ,5905 ,14533 
-25397 ,-21313 ,16692 ,-12706 ,25753 
97 ,-9165 ,6132 ,66 ,5313 
1164 ,-4163 ,2319 ,1391 ,1067 
43 ,-283 ,-131 ,86 ,143 
-4460 ,-9425 ,-10589 ,3047 ,7525 
-21368772 ,4581987 ,-3784685 ,7174617 ,14715544 
-6800 ,-102513 ,-17603 ,9555 ,62067 
-2618 ,-23530 ,-3536 ,434 ,7863 
2568265 ,-2829363 ,227079 ,1147361 ,2731041 
60916 ,-187484 ,-397 ,19277 ,261229 
85444 ,-218883 ,49577 ,55480 ,288877 
45195 ,-34126 ,-6904 ,14575 ,44209 
588 ,-11071 ,35139 ,1369 ,12055 
165394 ,-597642 ,-169427 ,37050 ,716934 
-355559 ,382198 ,-383631 ,177776 ,462985 
0 ,0 ,0 ,0 ,0 
-83 ,16 ,0 ,90 ,6 
-2237 ,-12283 ,3125 ,7242 ,4581 
-310 ,-13 ,22 ,-152 ,155 
82087 ,-51523 ,-3782 ,-21182 ,35667 
991 ,3652 ,599 ,-4360 ,1290 
612 ,-485 ,296 ,-571 ,48 
-1046 ,-995 ,1458 ,-2476 ,1354 
34122 ,58554 ,23327 ,-33413 ,102373 
-132945 ,-338655 ,-22439 ,175788 ,131238 
330550 ,-1682227 ,-14388 ,143733 ,395300 
232382 ,-108279 ,-12248 ,-54619 ,135321 
24900 ,-69619 ,27665 ,-139618 ,38699 
771 ,609 ,-692 ,-1479 ,1650 
109 ,-1515 ,605 ,-1850 ,724 
-3103 ,-5017 ,-2339 ,519 ,2821 
242 ,-2770 ,-680 ,1061 ,646 
1016 ,-1735 ,519 ,1312 ,122 
0 ,0 ,0 ,0 ,0 
372 ,-396 ,5 ,-55 ,30 
1071451 ,-1016131 ,1323778 ,9071112 ,2789287 
-175 ,-7431 ,1432 ,-993 ,1959 
-6559 ,-4349 ,2872 ,406 ,3420 
147389 ,132926 ,-845512 ,579744 ,955623 
-53016 ,-104452 ,10023 ,63832 ,43810 
-10830 ,-112419 ,35321 ,35872 ,40664 
25571 ,-8898 ,-7369 ,121 ,10584 
-361 ,-2997 ,9971 ,305 ,2943 
169543 ,-174317 ,103968 ,66419 ,173920 
194890 ,-1554210 ,197432 ,736118 ,2690897 
1047472 ,-1876308 ,-64636 ,3415745 ,1783510 
-150463 ,-27301 ,531 ,123348 ,25105 
12310 ,1147 ,-1187 ,19045 ,12678 
-105898 ,-59222 ,3924 ,81349 ,32269 
137614 ,-279483 ,187103 ,15306 ,209408 
28936 ,40830 ,-44737 ,-30847 ,114943 
-3007 ,-21540 ,24982 ,-2600 ,10418 
-3031 ,-4766 ,2236 ,354 ,4811 
-58713 ,-225620 ,135011 ,105297 ,144504 
-69387 ,889614 ,42938 ,-110574 ,424576 
18388 ,-2897650 ,182863 ,1413529 ,1683175 
-905297 ,-845554 ,460660 ,234769 ,806592 
-1205406 ,910126 ,-314030 ,9246 ,1160715 
-12041 ,-18762 ,2598 ,7545 ,11558 
-12632 ,-34457 ,-14023 ,49805 ,45387 
-172369 ,-38045 ,-112075 ,8104 ,121088 
-4185 ,-16808 ,1285 ,10477 ,14981 
8840 ,-27227 ,4017 ,13631 ,2577 
-7712 ,-2498 ,-3267 ,3270 ,7262 
16222 ,-9106 ,-1087 ,7811 ,5410 
-6847955 ,-7668472 ,-2646090 ,3643799 ,10162471 
1948 ,-4528 ,-2257 ,315 ,4856 
-3062 ,-13757 ,-15702 ,-1956 ,15994 
980531 ,-534505 ,241383 ,563418 ,2087261 
45800 ,49575 ,185139 ,23807 ,228811 
21740 ,38283 ,-140629 ,-52799 ,190391 
14844 ,36940 ,4257 ,9045 ,19131 
1784 ,12769 ,11891 ,1847 ,7125 
36137 ,486541 ,36684 ,47116 ,247628 
-1468873 ,-504843 ,-299488 ,364292 ,1913717 
8183611 ,-8480344 ,427372 ,3088028 ,4054933 
-1392910 ,-62523 ,135734 ,191192 ,545106 
198600 ,72932 ,16624 ,102637 ,139606 
686530 ,-593196 ,40567 ,143881 ,96539 
1641180 ,-1625784 ,273083 ,232763 ,1492138 
270477 ,-400924 ,195609 ,6697 ,369307 
17231 ,-134989 ,68115 ,-25294 ,107990 
1821 ,-104800 ,53557 ,37687 ,40625 
-57298 ,-630828 ,207923 ,228090 ,532118 
448451 ,2485006 ,1171970 ,2379690 ,2825601 
1396502 ,1425952 ,354750 ,628426 ,1308502 
5698733 ,-5893949 ,3803811 ,1379761 ,3138911 
2336468 ,-822544 ,368002 ,-53709 ,2996539 
-151787 ,-115887 ,2425 ,55844 ,72154 
-88461 ,-254244 ,30773 ,88941 ,168935 
-107017 ,-229489 ,56892 ,-0 ,185377 
7916 ,-86192 ,-21996 ,4030 ,70559 
24255 ,-47742 ,-9942 ,-100 ,22713 
-7819 ,7428 ,-1089 ,-7089 ,4819 
48501 ,-60941 ,-3690 ,4728 ,27435 
19013627 ,-39516932 ,-10055004 ,9225327 ,21390267 
119922 ,-306119 ,96036 ,43089 ,110950 
11183 ,-69242 ,22370 ,-3910 ,37768 
-6270913 ,-23499 ,2390340 ,22681 ,4611415 
-721806 ,181548 ,5834 ,71947 ,699231 
80518 ,239928 ,51563 ,97782 ,901279 
16259 ,-9683 ,-12815 ,-2010 ,73846 
16447 ,-6568 ,51570 ,721 ,45764 
551769 ,-324543 ,-71248 ,158137 ,1211008 
-741530 ,-5062482 ,-142306 ,98143 ,1923625 
11762699 ,-4702224 ,534718 ,-116953 ,2264307 
0 ,0 ,0 ,0 ,0 
15832 ,1279 ,948 ,-11850 ,5100 
997 ,-261 ,671 ,-290 ,2572 
185570 ,-298836 ,111465 ,-6978 ,171397 
2329 ,2565 ,758 ,-4977 ,1076 
964 ,-1433 ,2733 ,-2028 ,914 
-1966 ,-3501 ,1251 ,5 ,1820 
-59642 ,-12632 ,30958 ,-3790 ,39296 
-1798968 ,-194515 ,290405 ,-895950 ,1326364 
-44705 ,-552073 ,56372 ,37703 ,355163 
-960452 ,-318447 ,1227410 ,267472 ,965881 
-884011 ,-280343 ,196183 ,-407440 ,934427 
-304605 ,-192522 ,-167200 ,39253 ,192033 
-15257 ,-417 ,2378 ,817 ,5058 
-7506 ,-4888 ,5445 ,-10618 ,15839 
-1417 ,1808 ,-2164 ,-2185 ,1435 
-38 ,-649 ,143 ,-414 ,791 
107 ,18 ,-393 ,-352 ,312 
935 ,3583 ,-3637 ,-1431 ,2537 
-32397559 ,-13372889 ,-5013364 ,-4781591 ,26131789 
84518 ,46529 ,-77362 ,-15448 ,265656 
4973 ,-6662 ,-7096 ,2399 ,10211 
3567233 ,-3166529 ,1221589 ,102556 ,1919802 
-103977 ,846500 ,-171402 ,182741 ,1028253 
235335 ,758027 ,15281 ,272876 ,915382 
128370 ,-126184 ,102658 ,181370 ,136961 
12361 ,-35631 ,134066 ,4930 ,34480 
759389 ,-2124384 ,248663 ,506073 ,2372347 
-339019 ,-2134359 ,135697 ,211677 ,1634859 
4113980 ,-3677052 ,590117 ,1633026 ,1340023 
0 ,0 ,0 ,0 ,0 
183210 ,-17655 ,8803 ,5449 ,34903 
100959 ,-65841 ,9492 ,-1526 ,44628 
217628 ,-49273 ,20025 ,-60146 ,347155 
2048 ,-2732 ,636 ,-32915 ,37063 
2911 ,-3707 ,-518 ,-3275 ,2813 
-1684 ,-41740 ,-6960 ,4884 ,23506 
-142627 ,-66438 ,66941 ,57425 ,142937 
-2171913 ,-1530870 ,961148 ,1089595 ,1583194 
20819 ,1410064 ,91983 ,110901 ,1011899 
526082 ,-1527431 ,905596 ,-140548 ,1139247 
-341566 ,-1336675 ,985520 ,-3066813 ,2270664 
-8044 ,-5082 ,1830 ,3713 ,3774 
-65064 ,11270 ,1812 ,-11394 ,28908 
-12593 ,6690 ,-2035 ,-12526 ,13571 
2119 ,5520 ,696 ,-6543 ,2584 
214 ,443 ,-56 ,-310 ,220 
1457 ,974 ,142 ,-1412 ,652 
-8272 ,6206 ,-2486 ,-3306 ,6084 
-5809523 ,-16402374 ,1112215 ,618481 ,16691775 
118097 ,-356898 ,69660 ,45613 ,162047 
4175 ,-10455 ,-13642 ,-80 ,19174 
-311899 ,-562534 ,715251 ,1165393 ,3026153 
-37417 ,160970 ,150908 ,-10523 ,224231 
79837 ,170581 ,134574 ,59199 ,235496 
13627 ,18433 ,14265 ,16567 ,41236 
9837 ,7357 ,29197 ,2528 ,15654 
-17632 ,115587 ,99338 ,36173 ,381260 
-102476 ,-496040 ,134099 ,37618 ,559833 
4499408 ,-3206232 ,201229 ,2246433 ,661965 
-434393 ,-295787 ,317584 ,-333322 ,935350 
144 ,-3098 ,1506 ,-3591 ,7475 
-2089 ,-12037 ,836 ,10513 ,2447 
319941 ,-510568 ,362991 ,-1220 ,269471 
21883 ,-27705 ,-8840 ,-23250 ,35603 
641 ,-1379 ,-184 ,-1593 ,1457 
-1813 ,-3237 ,-3683 ,-886 ,3057 
-115846 ,23193 ,44508 ,-87555 ,117344 
-1459926 ,98352 ,674316 ,1551239 ,2144787 
953629 ,-732569 ,300659 ,-1348704 ,1646371 
-2563016 ,-2033891 ,510557 ,694707 ,1247801 
-991131 ,-987281 ,168107 ,1250956 ,935397 
-9501 ,-3721 ,1549 ,3542 ,4173 
-109968 ,68954 ,12221 ,30638 ,41393 
-35795 ,-25495 ,-1901 ,-13279 ,32629 
-6350 ,-4334 ,456 ,-2672 ,10030 
4478 ,20793 ,-66464 ,-36920 ,44165 
-15573 ,-4248 ,6919 ,2468 ,6229 
30247 ,-15942 ,-4176 ,-13994 ,8448 
-26987836 ,-30152780 ,11552830 ,9402934 ,24875534 
6272 ,1759 ,-6859 ,-3734 ,9303 
-1616 ,8922 ,-291 ,-4841 ,13396 
3074909 ,-936103 ,1888379 ,-313040 ,2640428 
890250 ,-1443045 ,-583554 ,-54396 ,714561 
-273899 ,-1573092 ,993229 ,-121047 ,630657 
14638 ,62225 ,8517 ,-7906 ,29153 
11372 ,109733 ,100057 ,-5668 ,58018 
249827 ,1335928 ,232120 ,-14811 ,658432 
-27661 ,-453575 ,-232461 ,-35190 ,674558 
522834 ,-313109 ,94503 ,115095 ,190271 
-302550 ,-170791 ,10218 ,137303 ,82133 
-2429 ,-8407 ,1803 ,14684 ,11134 
5183 ,-2884 ,711 ,14 ,3267 
171758 ,-260857 ,92463 ,-14426 ,200693 
18905 ,-3387 ,9215 ,-13266 ,11825 
2517 ,1476 ,4309 ,-5291 ,4903 
-621 ,1331 ,-1958 ,-1057 ,1349 
195 ,4850 ,7356 ,-18206 ,20212 
180107 ,195903 ,18666 ,-370139 ,639339 
187062 ,-687123 ,56693 ,-3289 ,126049 
-201164 ,-259772 ,790698 ,100869 ,627122 
1116097 ,-938927 ,190439 ,-463972 ,1202508 
-5255 ,-2770 ,583 ,2851 ,3031 
-30985 ,-11121 ,3462 ,314 ,18445 
-3845 ,5418 ,3283 ,-5663 ,5105 
-8682 ,-24303 ,6238 ,9734 ,7512 
1964 ,-2916 ,2331 ,-3577 ,4328 
-4 ,-42 ,-13 ,77 ,17 
9446 ,-7694 ,-5687 ,1105 ,3164 
-27557932 ,-9890919 ,3721365 ,8293805 ,14994341 
15427 ,-14468 ,-2749 ,-3641 ,10074 
3768 ,-17313 ,-11531 ,235 ,15631 
1891993 ,-248303 ,-25717 ,-208683 ,1054403 
251160 ,-146256 ,15476 ,3954 ,96502 
10556 ,-136740 ,18694 ,28519 ,99064 
6285 ,-5194 ,557 ,-1134 ,6469 
-1768 ,-3526 ,6379 ,-578 ,4337 
66659 ,-209484 ,131548 ,6300 ,222261 
-21037 ,6730 ,-18915 ,18103 ,81161 
2328899 ,-825545 ,128591 ,343827 ,146548 
-125613 ,613076 ,780420 ,567023 ,576020 
-2798 ,7272 ,245 ,-3068 ,1785 
12672 ,-31482 ,4079 ,17984 ,8556 
14787 ,-22134 ,12067 ,-5754 ,22775 
-11989 ,-50065 ,45694 ,11695 ,4541 
1221 ,2722 ,2406 ,-1034 ,2039 
28 ,283 ,-161 ,-91 ,44 
803 ,-18790 ,3724 ,11068 ,2325 
-4169927 ,-4676740 ,-1717083 ,5453347 ,844499 
120567 ,334133 ,125997 ,4502 ,190113 
-178333 ,104915 ,128524 ,-49669 ,241546 
1356734 ,-82977 ,26361 ,23848 ,282618 
-3421 ,4432 ,-5437 ,-389 ,1272 
-31363 ,-5514 ,-3133 ,15298 ,7126 
-80 ,53 ,50 ,-58 ,76 
-466 ,-302 ,-642 ,-140 ,422 
0 ,0 ,0 ,0 ,0 
-146 ,48 ,10 ,159 ,18 
419 ,1004 ,-54 ,-442 ,716 
-17201754 ,-1962224 ,5531137 ,980905 ,2798306 
-1114 ,-4457 ,-5536 ,1130 ,4462 
-102 ,-1001 ,-8070 ,-167 ,4889 
108296 ,-41913 ,-344420 ,21955 ,248863 
57596 ,-62053 ,1521 ,7606 ,39359 
34874 ,-82102 ,-15179 ,-37606 ,62870 
36228 ,-35662 ,-17366 ,-1658 ,27371 
1324 ,-12555 ,-7557 ,-5027 ,11370 
397099 ,-695096 ,119808 ,-45723 ,483471 
-33708 ,-50371 ,96705 ,-11496 ,122384 
5353604 ,-2220971 ,-96699 ,941958 ,1003743 
-54 ,-672 ,-235 ,248 ,345 
0 ,0 ,0 ,0 ,0 
-114 ,-100 ,-6 ,44 ,69 
71159 ,-131283 ,111815 ,-29172 ,74005 
3673 ,-162 ,-17 ,-2517 ,1660 
94 ,-1822 ,1509 ,-57 ,312 
-152 ,-876 ,-989 ,-212 ,598 
-129623 ,92370 ,19953 ,-38275 ,95975 
-713085 ,-1215039 ,-570393 ,859260 ,576683 
154604 ,-868121 ,-126865 ,-14829 ,384574 
-245793 ,-218093 ,23232 ,-46252 ,244048 
78173 ,257996 ,-44 ,310223 ,285944 
-6982 ,-5316 ,-76 ,1210 ,3766 
-7916 ,4383 ,553 ,-894 ,3646 
-37 ,-28 ,-34 ,-27 ,47 
-3439 ,-1421 ,-2353 ,1238 ,2422 
0 ,0 ,0 ,0 ,0 
-1493 ,-745 ,25 ,268 ,855 
-93 ,525 ,-511 ,-89 ,73 
-23160817 ,-1787223 ,-4221700 ,17088236 ,12985728 
18810 ,-31042 ,-8216 ,6119 ,12637 
-442 ,-1010 ,-6990 ,691 ,3352 
961545 ,-1277389 ,284718 ,191591 ,542362 
7460 ,-12462 ,-10183 ,-18188 ,31385 
18562 ,-20626 ,-13662 ,-10714 ,49055 
7881 ,15039 ,1975 ,994 ,11057 
187 ,5223 ,9391 ,241 ,3991 
64135 ,243124 ,49614 ,14437 ,193079 
-274166 ,-1777386 ,974301 ,-426480 ,1326598 
1942522 ,-1247883 ,443680 ,-181436 ,682304 
-4398702 ,361603 ,355519 ,851969 ,2279892 
21997 ,-2944 ,2852 ,-5226 ,20476 
22884 ,-37636 ,1438 ,33242 ,4959 
511016 ,-205705 ,171588 ,-78360 ,549092 
2335 ,23111 ,43898 ,-27954 ,38156 
-162 ,554 ,-7163 ,-2044 ,2554 
-10768 ,50659 ,-59927 ,-17375 ,23460 
-75189 ,-7688 ,14627 ,33787 ,63023 
8692295 ,-1529057 ,287358 ,-1304971 ,2443734 
-805311 ,-589466 ,3893 ,762884 ,1902398 
-123049 ,-380186 ,-30838 ,264118 ,451683 
-2340407 ,86668 ,91081 ,1358981 ,886408 
-44069 ,-746 ,-2725 ,18924 ,21494 
-31423 ,-8752 ,-3903 ,19271 ,8279 
-2164 ,-657 ,-2819 ,-820 ,1999 
-2034 ,-3778 ,-2131 ,-1300 ,3234 
-62484 ,183692 ,-110959 ,-144113 ,114190 
255 ,306 ,-1110 ,-641 ,396 
121 ,-246 ,-347 ,19 ,182 
-24559835 ,-452909 ,536109 ,6215369 ,27058722 
8123 ,-6872 ,-7917 ,3203 ,6314 
4588 ,-10842 ,12516 ,1267 ,7161 
1507986 ,-1982890 ,827492 ,-139975 ,2251490 
612335 ,-311647 ,21482 ,-306885 ,298303 
158045 ,-275717 ,-74797 ,-83006 ,265580 
-78777 ,-50833 ,-3269 ,27263 ,43700 
20216 ,-45406 ,81219 ,11440 ,21562 
159679 ,-1273668 ,118067 ,19372 ,878239