-828742	-427568	-94703	192439.64649947366	457705.6507243848	
21238.889994175795	-20148	-602	15461.599033486114	2267.3936577190366	
-381313	295044.975771115	-5770	123817.14291519417	48860.778940753924	
11451.290657891941	-48099	-278	49558.74709014466	2596.3211763974286	
19610.297645597417	-98737	-1205	111601.69747305548	3450.7304627205685	
296375.72826284124	-405529	-68473	-131873	225172.9487469779	
3837.821993848188	1609.538620362253	5487.473726244391	3761.6070809836824	7380.812614246842	
10814.49500435298	-58798	28969.689510918855	-6761	25699.46805235106	
-1676	-5009	2435.8687282616274	-3007	4407.428184730281	
-26860	-48761	-17100	31930.03717902438	41699.58561489296	
-407487	-532723	-145629	155065.2571896414	592472.6703970466	
233477.36576580646	-2371496	-342697	-381494	808873.8843700005	
-993851	-721501	-254903	264707.4291398384	507826.9842108056	
-243422	-700058	-140525	-667753	540930.3299168231	
-11625	-13176	-7259	-189	12356.844162058367	
-6029	-28206	-2323	-14944	22139.42935933798	
-50310	-66857	-8236	6714.9349544832685	36420.70007122511	
-5236	-10050	184.52031535617104	2448.9054896726616	5791.330549901564	
3648.2875394877733	3581.0980768309064	-7647	-4425	6639.722869419611	
1892.336060201602	-1169	-2690	-3024	3080.6870042073774	
40539.31384931095	-62460	-13801	32952.92153589011	16688.057433924143	
-15831341	-21846449	-6921870	17388394.26258048	9776125.983414344	
26395.430546140098	-61391	4159.729717920639	10180.707834216568	19935.213853072415	
-31950	-56892	-46568	3908.019939907601	64661.33377092692	
2484586.1028268603	-2559749	308213.10762405995	11331.95414959094	2964947.63922802	
192898.9416322624	-843253	72892.54436029351	74979.42901385977	407543.2012981292	
229593.41369311922	-761172	-369420	-103069	430773.7073047907	
285467.9702730093	-182799	-14044	-42172	197821.82330662894	
46965.43439714977	-200339	106752.02222815089	3145.870811262547	216696.04534640338	
209214.94995207165	-2360413	-2071062	-305031	2617707.482078329	
-1233483	-11368	-295771	166534.59874794862	598522.7305195672	
817.3046576917359	-937	-5	610.7221307168923	91.25732987723677	
171154.62642645882	-17113	60958.89353019331	-86099	191277.36907828995	
4.011311203395023	13.036761411033824	0	6.016966805092534	5.014139004243779	
85398.80986467833	-196672	-217	136764.65265195246	10626.966205594264	
245859.28062288603	-246198	8509.996718002541	42198.993859715636	156513.34053406699	
3337.410921224659	38904.70453392748	17485.305535598905	-21168	28127.3141582059	
1953.5085560533762	-20746	13406.804869547015	3201.026340309228	11628.791178642172	
-4816	6217.532365262286	3566.055659818175	4492.668547802426	9093.642498096517	
-5466	-56211	6168.393803020696	22269.796973448316	25562.08064363478	
252956.29296949267	-546332	302974.33519242605	82999.04293724727	627258.7611528882	
426011.2780785599	-987522	35250.40002763461	-155984	322153.4168836585	
-410215	-222868	-21071	-100509	281737.450853852	
-131433	-1182892	-235025	3165595.431277441	1682711.956506784	
-37660	-574	-10257	22892.553037775397	27795.37815612496	
2531.1373693422593	-10860	3324.3741598136253	14965.199272065982	22979.799056449236	
-43685	-8524	-21369	8281.351979409024	36966.23839488683	
-2197	13482.016954610672	-2531	-508	8477.906228375381	
11136.402728425432	8094.826008451156	-18652	-1748	10232.854879860703	
499.40824482268033	1214.4244668278432	240.67867220370135	-1278	954.6920664080154	
10229.846396458157	-1426	-4393	9994.1818632587	8278.343496006479	
-3729068	-1739222	-5007772	4874255.557131186	13426239.672327464	
3004.472091342872	-12270	3809.742815424423	4743.375498014614	4513.727931620249	
-6745	15762.447373740742	-4491	-693	17502.353608213332	
-187674	-1489137	50030.076156543575	2228853.982504618	1217020.7880042405	
96492.09099766727	-1490636	-102952	654847.5567820383	522884.4436405497	
-13992	-1065609	122057.1801247046	196878.16234603027	363007.61866243597	
59742.463407763775	-68064	18066.945660091184	66956.80660706972	39645.79427875471	
29739.8612619707	-257956	226623.0377470052	35727.74606083862	38408.30477250734	
72486.39910094975	-637113	352689.5234195031	158409.687905472	562966.4680126737	
-866882	3749246.2255104207	-533868	190070.9672338689	1527112.1920992902	
34201143.30526216	-25600458	-953566	6938581.599317354	9499204.11166017	
-110429	233712.02747120507	10456.485479449975	-144107	130533.08069747829	
880024.5168402196	-671745	18662.625373795345	308306.3706095389	147316.40677248305	
16678.029155915658	-2684	-2216	-18806	12557.409722228118	
1609888.607264749	-1515606	-851983	-185868	1319585.001336047	
63351.64066301844	-126977	-23447	-31204	170383.45184760613	
-1398	-177112	-25964	-12323	144565.6501147549	
-11664	128615.67394225547	-82533	-99192	54328.19611098134	
251564.3679819146	-477754	13466.97453759794	-203499	399447.37246187724	
-3473307	-3021450	298668.1926155815	1708778.4595342458	2280074.415260769	
-56894	-200409	-160895	-467969	814927.9558037244	
-2270919	1442713.201552058	-1046430	-4155427	3290809.513319217	
23281855.804203887	-3625424	3138348.59992838	15647302.685647288	15254449.908803793	
-270522	-179297	41434.83907546889	132506.64580954865	109984.13623028643	
-466017	-52836	-7699	30491.982112607264	177780.30970666657	
-139787	-127851	130849.9742825465	-460	83074.25502231093	
-9183	-72896	28303.811851155282	886.4997759503	53221.07421884431	
-4997	-49175	5833.449317537212	1996.6301514898726	38964.874201978404	
-789	-5160	79.2233962670517	-1937	6720.951921288361	
29718.801878152874	-30413	-14524	7255.4591391407475	22173.52550456684	
-80937448	-23484209	-23318620	14824534.622096527	56554298.33400043	
21896.74503153258	-49508	-3972	7495.1349835436	20840.76735723884	
-31255	-19733	-18760	2269.399313320734	23239.531456869063	
4356129.531405664	-3355347	-69670	-81411	3701649.009598736	
143970.97322885162	49905.72550923833	-307081	-28116	347251.18825550034	
-172692	28973.70082212225	193293.05295799597	123927.45397328753	187015.35092468275	
5900.638780194078	48544.88818348657	-71501	-9441	126768.46513309206	
28114.277396794867	36373.56716458522	220250.06707261136	8520.024996011029	84416.03861984656	
1266891.4145404492	572116.2688676177	-1462233	-248705	2289718.6102215317	
-1140587	-1525203	1408129.682011988	-144129	1730770.4732068588	
29486266.167692065	-16123021	-347646	3056242.073733888	6173194.33970336	
-20225	-32094	5.014139004243779	43776.44199045073	81.22905186874921	
436446.70417419204	-212737	1385.9080207729803	28498.360444519938	29200.33990511407	
-1929	3350.4476826356927	148.41851452561585	-949	702.9822883949778	
121382.2770147334	-223903	111143.40516806759	-44719	110411.340873448	
307.868134860568	6337.871701364136	912.5732987723677	-8276	5469.422825829113	
451.27251038194004	673.9002821703639	1442.0663776205106	-2559	1584.467925341034	
-1830	-958	1968.5509730661074	-547	1520.2869460867137	
-75007	-8730	-14270	-36499	64780.67027922792	
-1501425	-1083927	493960.8842084699	-935461	4357214.591086183	
-196425	112537.33581124737	1295455.961619825	-1283671	1398532.6199578654	
-1251396	1401535.0863936066	451600.4350728176	-261019	1113603.1682139118	
2246793.5690340013	397939.1194494007	176200.85592032978	-13808458	4983011.229305433	
-22169	25204.071118731776	-9390	-22810	12285.643388198107	
-202661	-89961	-2503	-50617	96207.28790222622	
-29558	-42912	4012.3140311958714	-51707	39731.03464182685	
-2083	-3591	1936.4604834389472	-1609	2672.5360892619337	
366206.63934714353	-886097	427972.80925702007	107287.53227380413	18599.44722234187	
-234	-207	6.016966805092534	-306	224.63342739012128	
403.1367759411998	-626	22.062211618672624	69.19511825856414	110.31105809336313	
-46040602	-18263592	-10618780	7716371.833172247	42156731.687704474	
3283.258219978826	-7216	-841	79.2233962670517	4000.2800975856862	
-50204	-20713	-30866	-984	33279.843398966805	
1928826.9582188865	-1073953	1164878.7564991096	468747.7876395305	2260753.934849617	
-71652	-1065560	432299.0083898816	-121103	885835.9039461381	
975165.7987901436	-706479	43869.704975929664	-78115	562323.6553923296	
-36567	82985.00334803539	-71240	-7283	61716.02851983412	
87.24601867384175	43589.91601949286	54679.185841278406	1440.060722018813	34459.168892764945	
784937.3875915414	1118575.18845052	-142684	-177916	948971.9366319741	
3010408.831923897	743413.2968417971	-49734	-1876456	2334745.5784796407	
9877621.182310447	-6192545	82979.98920903113	2725510.4678417696	1692483.5105982544	
-68141	-140423	-159	142227.05568317563	20155.83596925914	
46725.75855274692	-44628	8758.698012613033	15321.20314136729	36067.704685326345	
13546.197933864993	-748	4647.104029133134	-20053	10212.798323843728	
408451.7632856982	-430382	186036.59099105437	-94831	449357.1092823189	
16257.844307360027	-12158	19321.483238952977	-17290	26814.612566894877	
2329.5689813716594	-7426	6029.000738702719	-2572	3748.5703195726487	
-6844	-11771	1985.5990456805362	2457.9309398803002	8942.215500168355	
-15370	-51106	24260.410158133098	1239.495161849062	33319.95651100075	
-903420	-2551155	205716.08375491036	659715.2829273582	1200247.4902072442	
-827062	2634549.9749935837	938855.4097770118	109776.55087551074	1653922.776000018	
-837877	-528367	659748.3762447862	453691.33103758725	930390.5403100476	
-301051	-2916861	361931.58443212527	998078.408383936	2411575.2247860665	
-25203	-125457	38637.952338901705	70167.86122538743	7440.982282297768	
-103659	-15561	-16997	-2332	40773.975554709556	
-4328	450.26968258109133	-2606	-6790	6108.224134969771	
-32031	-29348	16214.72271192353	25540.01843201611	7999.557367370524	
1180.3283215989854	2405.783894236165	-3406	-1991	2304.4982863504406	
0	0	0	-1	1.0028278008487557	
1968.5509730661074	-7952	-4041	-236	3889.969039492323	
-46802837	15028779.557467593	-32392740	4219506.277473631	68877184.74106646	
342375.4394877737	54503.690976129874	-371470	-270734	256793.11213554002	
-41939	-35563	-51571	2704.626578889094	37576.960525603725	
-1827988	-4369344	404624.9723976593	4268649.853854224	4470618.370117363	
-2126208	668575.266547857	-985863	844538.4522793855	1269860.7876587624	
270940.0039221134	710924.6845776999	-262282	469618.2421706672	1283517.2966507208	
-110302	-63435	-42145	-28434	129522.23027422273	
26521.786849047043	-20297	47603.23287848959	-11072	31086.65899851058	
816572.5933971163	-1340142	-2056096	-25091	2111754.78302731	
-1583559	-2154103	762505.1325143556	24473.009651913035	2009219.6517017279	
5657988.548533908	-3939892	42114.756324444345	-830300	2804976.5484366263	
390475.0721276834	1080439.6528398434	59568.974198216936	-516366	583557.5312475011	
441401.67633818573	-214635	4653.120995938227	49042.29077270755	103254.15885879043	
45910.45955065689	-46631	1205.3990166202043	24330.60810419251	13246.352421411213	
716284.7991732365	-1078818	695183.296587777	103412.60565132454	718702.6170010829	
104265.00928204598	-11988	77857.5448022957	-66438	58803.816586169334	
66539.63024191663	5568.70277811314	156129.25748634193	-25506	79984.5425678959	
12271.603798986223	-31891	11786.235143375425	17244.626863395202	39472.305069207876	
-113906	-202477	63286.456855963275	106261.63943353585	125299.32240484863	
-844322	-2941656	37003.34302351824	-1253681	2079600.1124208951	
-237680	-396238	393892.709272976	485113.93734938215	1490613.271459599	
-479748	-2216241	135102.96698594606	1010543.5579484861	1142218.859511131	
-7451344	-5163019	121742.29219523809	4867758.235809487	6162729.831601502	
-85070	-25168	12774.02052721145	15449.56509987593	99092.4234852681	
100431.19859940119	-446558	36812.80574135697	155525.55515023097	247984.27273288456	
-133096	-15472	22913.612421593218	-33111	144748.1647745094	
-109426	-67029	3189.995234499892	38528.644108609195	105182.59671982258	
13324.572989877417	10530.694736712783	16352.11012063981	3610.1800830555203	19473.913064681987	
335.9473132843332	-20	428.20747096241865	-295	3334.4024378221125	
19998.392004525886	22019.090023236127	-23186	2586.292898388941	27627.90591338322	
-105264710	9681073.953138696	-12015841	-20752440	43372611.25767134	
62843.206967988124	-1146032	395766.99443276227	38139.546921879875	471981.9072972677	
-8195	-66742	-17051	-1383	40119.12900075532	
11742640.213216929	-8562949	-362434	-774332	6139379.98908654	
153133.8108452067	-129090	7674.641159895527	-17394	268506.1408494535	
114691.4099274705	-90701	-106681	-45743	195953.55511364772	
32935.87346327568	6710.923643279873	27551.691000518713	53507.882969887054	87135.70761574838	
62743.927015704096	3583.103732432604	60789.41563184987	999.8193174462094	43432.47205475961	
1057271.3221568346	-89191	-36630	149385.24052563403	1427928.5112841448	
-1258358	-2332177	-507448	493537.69087651174	1183453.1330264302	
2557363.321990056	-1831825	-164999	-7508	1231901.7497410353	
-706697	49012.205938682084	34155.31206910777	-158762	470806.593114673	
166185.61467325324	-159969	-13636	18749.871392469184	67377.9942834262	
132922.81934690085	-59525	-4017	57932.35922723177	22864.47385935163	
2928087.700580023	-7165784	-23367	3345573.939523568	2453526.5201789723	
8554.121141239886	-9008	-426	204.57687137314616	16615.853832263034	
27.076350622916404	-87035	93708.24102251112	-3821	12161.29274089286	
-66918	-138404	-23569	124321.5652990211	66542.63872531918	
-187673	-462505	-122837	241241.2585999775	250013.99620180242	
-1609108	-3416903	-206385	1325665.146292593	724747.6629845991	
-46618	-1495807	-440000	321831.50915958604	1137080.369859582	
-832636	-1452241	187312.18795373398	1083926.4851033946	624851.9744308512	
-2380933	-1828489	-719606	305798.29827961617	2081797.3081325549	
-36395	-29992	-8392	18212.355691214252	17656.789089544043	
-95568	-104006	-17627	59488.74797414904	61471.33853642703	
127954.81042149613	-111953	-78742	88275.92282531342	186157.93315495708	
-8200	-42771	4370.323556098877	25847.886566876678	10003.207313466339	
3515.9142697757375	1334.7638029296938	-1573	-6999	8907.116527138647	
-14631	-28284	1681.7422220233632	38456.440506948085	1497.2219066671923	
40552.35061072198	-38628	-3227	25062.6723988121	15045.425496133881	
-103496189	-39040649	2400786.8033045353	78433588.14483143	29607774.801009707	
197842.88269044677	-117749	-141924	-46240	136667.37835527014	
-6649	-61624	-48959	2802.903703372272	33911.624913501524	
5046379.918041066	-818132	-930933	-1347119	1867559.1937260318	
1271647.826799875	-1588420	-884500	-159174	927814.2756896671	
140814.07131177973	-908857	-428891	92935.06078805674	540824.0301699331	
402141.9707627578	-377682	-105226	180237.237818746	193293.05295799597	
5048.235149472636	-67030	62965.55195969167	-14132	29872.234531682734	
669301.3138756715	-4403998	-1716817	783096.1957491832	2543907.3785582674	
-2819959	-2427760	-293916	1274096.7322895476	2645656.292887984	
17467637.71540355	-4521042	709964.9783722876	-2789379	2864927.600026967	
-1496221	-515866	124006.67736955459	-98295	898814.5013447227	
-1374	-7141	-1810	1759.9627904895663	4453.558263569324	
13720.689971212676	-18348	-102	19328.503033558918	2577.267448181302	
700223.5091148429	-799846	30327.51835326807	231055.53662675672	349210.7137783588	
1370.865603760249	413.1650539496873	-15221	-2356	9908.941500186555	
-71	1308.6902801076262	-1589	-710	1019.8758734631846	
-8580	-16550	1503.2388734722847	8550.10983003649	6970.656043699701	
-24565	30839.963359501784	9330.309859096822	-32313	46552.26934320009	
921852.4644136212	295000.8513478776	440701.70253319334	-2005675	5750086.248108257	
-427800	1082129.4176842736	-104085	167978.67078117083	1573300.4349507822	
208852.92911596526	-474058	201514.23526935407	-356697	599228.7212913646	
-1679513	32108.54052757546	-210770	-808379	1063439.7159598554	
-6176	2854.0479212155587	-2162	-1663	5154.534896362604	
-334640	-63109	-9869	-23940	128630.71635926819	
-14676	-15679	8785.774363235949	-23108	23291.6785025132	
-10188	-233	-6895	-8701	9732.443807237174	
-665	313.88510166566056	-2145	-610	1062.997468899681	
-1053	2988.426846529292	-494	-2860	1467.1370726417297	
69764.72444944624	-432065	-313322	139576.58180553236	220972.10308922248	
-61557449	11210913.836856294	1933948.3997978212	-7700796	38728454.53944491	
3015.5031971522085	-6393	164.46375933919595	859.4234253273836	6238.591749080109	
-2310	2231.2918568884816	-1762	-39	2176.1363278418	
3086742.078468902	-1143959	1427723.9344127718	920813.5348119419	3344180.008880388	
1023327.606753706	-434185	454197.75907701586	470839.686432101	1313616.1702653952	
-85310	-288811	339.9586244877282	324606.3336845346	914314.2078346411	
-18264	137758.45500259358	-5854	-13235	67271.69453653623	
8601.254047879778	89755.09383156533	99123.51114709441	-253	51989.60167940204	
534283.5872527976	2674909.782666543	-10994	52717.65466281824	1441407.519755353	
-363673	-366979	91135.98771333406	-78176	527140.4448273518	
0	0	0	0	0	
-65	2989.4296743301406	159.44962033495216	-2038	692.9540103864902	
0	0	0	0	0	
0	0	0	0	0	
100546.52379649879	-181944	70717.41086025255	-65414	170146.78448660584	
21051.36119541708	19266.327709906294	-38290	-64787	43966.97927261199	
15608.011892410033	-15178	-52269	-20354	42327.35581822428	
-1466	274.7748174325591	3324.3741598136253	-482	4654.123823739075	
-63063	-75315	35035.79487825298	57658.587237600055	59213.97315671648	
1063507.908250313	-270784	-84806	-1606806	1054741.1876152933	
-148823	-81276	-94385	-44042	485923.2193846671	
-255093	-132940	17336.88702107329	-146015	277850.4902977622	
-1742102	305623.8062422685	-74429	-523543	1251842.9805609128	
-36358	7580.375346615744	-9426	-23119	30243.280817996772	
-33248	-15848	179.50617635192728	-1952	27854.54499637504	
-39386	-46134	16807.393942225146	4861.709178514768	40876.26399039613	
767.1632676492981	-2844	-4957	-10160	13325.575817678266	
7144.1452532465355	5887.6020187830445	-9084	-3868	7160.190498060116	
-1528	892.5167427553926	-26	-1107	1956.5170394559223	
8906.113699337799	-3953	-7332	-926	5482.459587240148	
-3229348	-16981016	-1998745	518262.4103064378	14753188.438205143	
164899.98943256514	-404231	-223280	-46207	572548.4876497835	
-141262	-88716	-37971	571.6118464837907	98101.62961802953	
7585578.017246547	-6438497	-165696	714693.3114532895	5499637.024640886	
316449.3323524308	-1108134	475567.016685302	459994.10376592167	502206.13438704837	
35344.66584091439	-584427	-315956	-18221	381295.18643871386	
258567.11451524147	-87333	-39353	4535.790143238922	287943.9521133049	
7094.003863204098	-33213	229405.8848943605	9841.752037529688	93829.58318641383	
-123856	-592673	-425464	-47505	1417823.015534992	
-2377162	-438758	664241.0447925886	149474.49219990958	2078249.303373152	
3923133.5576941925	-1151583	550407.0526348439	-3115073	947763.5291319514	
-51812	-18499	12648.667052105355	89225.60075271719	16133.49366005478	
13985.436510636748	-2150	2226.2777178842375	5228.744153625412	5026.172937853964	
-63156	-32723	8295.391568620907	30797.844591866135	32510.674475715812	
482623.91591987474	-922366	304370.27149120753	-151146	523853.1752961696	
204998.05904950263	-138579	198160.7791033158	56472.24194919598	320958.0461450468	
-4053	-165263	100866.42586496954	13526.141377848016	123713.85165170675	
-85317	-87382	44165.53917718005	25740.58399218586	55450.360420131095	
250961.6684736045	-516274	420803.59330875234	-381084	522839.3163895115	
-1361048	-790555	1481782.369845325	456341.80491523055	837221.820644393	
-52350	-2727675	475528.9092288698	1388898.4532751113	1627029.942864657	
-1169247	-2489688	456450.1103177222	-513989	2336483.4790585116	
6137293.104432974	-1632261	2087400.107055897	23931.482639454705	4626685.452280052	
13019.713338419395	-84293	14729.534738866523	-22276	86870.96107632431	
-103068	-103818	101778.99916374192	-15065	184206.4302545054	
-278768	-308920	339717.9458155245	78474.28389981767	122394.13026578979	
-57477	-113354	-1336	17435.164145556468	63680.568181696835	
31194.964401002242	-25861	-21975	9374.434282334169	28873.418042037374	
-2451	-20361	3078.68134860568	15499.706489918368	7902.283070688195	
24914.253884286485	-27259	1630.5980041800767	-1138	15070.4961911551	
-65297926	5123532.474899365	15285081.283980718	-33292594	55519091.22911787	
491841.9090652765	-316908	114384.54462041077	-173408	301966.49325257307	
-5505	-9296	3510.900130771494	-88	15460.596205685266	
8556844.82154699	-4609328	3084405.4896929245	1242372.2748096972	4908399.838094485	
99262.90421141239	-213874	203674.32635238228	32503.65468110987	225819.77267852536	
28432.17380966392	-104468	13622.412846729498	22899.572832381335	120271.14381139296	
57431.94815460824	34444.126475752215	11196.572396476357	5414.267296782432	32929.85649647059	
1265.5686846711296	15587.955336393059	36321.42011894108	-733	14955.170994057493	
11718.04285291771	228576.5463030586	203813.71941670025	25473.83179716009	246866.1197349382	
-2652482	-1656640	622902.4771860013	-453769	2275452.381926657	
462601.4560481284	-219485	-73272	-138511	59025.44153015691	
0	0	0	0	0	
3534.9679979918637	237.6701888011551	309.8737904622655	-4602	1621.5725539724378	
-26618	5512.54442126561	1913.395444019426	-2996	15428.505716058105	
124180.16657910142	-432781	-38735	-159559	364554.98195914563	
286123.81965476443	-436195	213234.28377787347	161894.51451342143	384734.8857956251	
57229.37693883679	-235095	138245.82931380605	-15488	173338.7853767074	
-19866	-18444	-4752	-4967	26542.846232864864	
212652.64365338118	-662341	30598.281859497234	102108.92951022115	351909.3233904428	
-1677351	-325811	587749.3514550489	-499033	1252009.4499758536	
912705.6720420797	-1680276	130345.55189871957	253358.42691763304	1157428.748766604	
414732.47380241397	-1856376	789725.8903405942	-491679	2108112.512454627	
-2573160	187409.4622504163	106212.50087129427	1143701.0390007854	807467.9197932105	
-131665	-65886	7147.153736649082	62678.74320864893	69421.75734155596	
65239.96541201665	-118442	3931.0849793271223	-39865	88302.99917593633	
89539.48585438284	-199914	34881.35939692227	-44185	130872.03649416516	
18271.52253146433	-104558	2626.406010422891	-17576	64922.068999147596	
14531.977662099318	-15741	-6140	-4935	30572.208336675165	
10545.737153725515	-13268	1633.606487582623	-3416	8655.40674912561	
4556.8495270567455	-137	-7779	-8669	38525.63562520665	
-23581010	-32958616	-9076528	-5729460	44084266.000888065	
2368.679265604761	-13013	4178.783446136765	-814	8704.5453113672	
-48759	-11697	-64629	86.24319087299298	42460.73191573717	
5869995.371083543	-2943072	-761980	410561.712978684	3763693.965637249	
272652.8338059631	-53972	4135.661850700269	23685.78982824676	332733.2501826129	
-36758	-49533	87246.01867384174	7935.376388116204	309273.0966095571	
2497.0412241134018	-18928	8154.995676502082	-698	71051.35251793519	
15109.606475388202	-5185	34528.36401102351	1706.8129170445823	16103.40882602932	
503844.7550136352	-250635	-206742	30708.5929175906	632834.4837256073	
-1122839	-424319	-328010	-92040	1186866.7588605194	
7836772.341769949	-2331293	-474999	-3248022	3415483.071176336	
0	0	0	0	0	
32986.01485331812	-22796	2080.867686761168	23796.100886340122	10476.542035466951	
-1082	-36411	19440.81974725398	-6382	27216.74651503523	
827161.4521462783	-880959	218718.7490207153	2353.6368485920298	534798.0379146329	
47484.89919798943	-28047	24108.983160204934	-8628	31071.616581497845	
5836.457800939758	-35831	19233.234392478287	1875.2879875871731	14088.727774124169	
-8145	-26816	2041.7574025280667	8892.074110125917	14692.43011023512	
5185.622558188916	-355045	51987.596023800346	98380.41574666547	188271.89415914624	
-335307	-229836	8830.901614274142	8183.074854925846	205719.0922383129	
1178106.0551923045	-2859144	150715.99301736034	1061724.880420404	758969.161688563	
-2027488	-4751419	3427678.460062458	2100380.710110083	2432345.794197246	
-1514200	-3163229	187048.44424211077	4366668.248764783	2442654.863989971	
-16403	-20173	-1494	13978.416716030806	13028.738788627034	
-93204	-128065	-2818	78727.99933343241	61831.35371693173	
-32896	-23916	10866.642049997117	4435.507363154046	25997.307909203144	
-9792	-28848	-1692	15727.348400711035	15766.458684944137	
2593.312692994882	-17053	346.97841909366946	5524.578354875795	5736.175020854883	
-731	-1093	244.68998340709638	448.2640269793938	777.1915456577857	
9939.026334212018	-8585	-2205	3366.492927449273	5508.533110062215	
-26584345	-37133492	-3255657	43838521.04263447	34061972.86871597	
31045.54305867578	1679.7365664216659	-17409	-3934	38342.11813765133	
-2529	-19892	-6182	3418.639973093408	17900.47624515029	
3168471.541410275	762420.8949790844	-171521	-402962	2244317.587193706	
-113540	-130322	127691.06670987292	-76073	219741.63337758105	
132427.42241328157	-107302	-62415	-36372	176094.5561734398	
28429.165326261376	47034.62951540834	985.7797282343269	-8730	28695.917521287145	
805.2707240815508	14674.379209819843	16695.077228530085	188.53162655956606	9561.963081092885	
141074.8065400004	547938.0905891542	-110614	31705.40375163426	353404.5396415083	
-2959771	-2326065	-107616	383606.7045196703	1822088.9755799475	
4331.213271865776	-17997	-21224	-73101	87992.12255767322	
0	0	0	0	0	
69552.1249556663	-74793	7164.201809263511	-36358	25344.467010850603	
12189.371919316625	-28959	6312.801006342917	-9324	16275.895207775306	
676664.075589503	-1325410	107064.9045020157	58823.87314218631	666285.8106785192	
48393.4611855584	-238475	114401.5926930252	460584.7693406216	230378.6278611838	
42946.10057134796	-299907	134172.3427867584	140268.532988118	170958.0721774925	
39776.16189286504	-55902	7747.847589357487	15051.442462938974	23959.56181787847	
186316.37994749116	-593718	14075.691012713134	422435.1941407332	275823.7753122469	
62920.42470865348	285602.3491983231	6689.86425946205	190870.22099114535	221862.61417637617	
-254480	-577836	24271.441263942434	44046.20266887905	299163.5895492008	
-2314209	-1023659	1464875.6959508157	731751.4123457269	1640624.2765329627	
-350200	-809166	300457.2374122957	-45395	883822.2257220339	
2929.2600062792153	-26629	2221.263578879994	7699.711854916746	21183.734465129117	
50193.53708808192	-33174	2507.0695021218894	6763.070688924008	20433.619270094245	
6074.127989740913	-83822	49826.50211297128	5907.65857480002	43650.08568754379	
4571.891944069477	-32275	13702.639070797397	1677.7309108199684	14245.168911056575	
2150.0628050197324	-11324	-10210	-2523	15779.495446355171	
-1129	1160.2717655820104	-1222	-2481	1979.5820788754438	
-24566	63547.19208418395	-27053	-11827	39906.529506975385	
-40112857	-2517396	-7806146	-1512357	22915135.71702271	
71947.88057189398	-214230	67545.46652616793	26533.820782657225	61804.277366308816	
-24557	11977.775253337539	6162.376836215603	788.222651467122	11635.810973248112	
-960359	-435042	-563549	1598134.4626110008	1961311.5591717802	
197141.90605765348	-178086	17183.45436754343	84122.21007419786	135829.01431376056	
45059.05874773629	-189741	-76014	-2775	168624.49188491743	
19625.34006261015	-199075	-25760	15034.394390324545	95704.871174001	
4764.434881832438	-44864	73365.87908229412	2734.7114129145566	9719.40704582614	
661598.5935373522	-2325639	-655917	124104.95449403777	1155281.694444987	
-965892	-1134594	-235336	-113282	886380.4394419991	
1335770.642041746	-158334	-143338	-311027	703153.7719489229	
0	0	0	0	0	
60576.81613806994	-35270	9384.462560342656	-12097	18547.300176697736	
24358.687282616276	55958.794115161414	25245.187058566575	-47625	49055.32753411858	
955435.1618084443	-486413	92848.81759718375	199.56273236890237	432939.81535462395	
38050.295247604336	19288.389921524966	45256.6158245035	-15384	49196.72625403826	
12477.183498160219	-10543	25437.729996329537	-4921	17474.27442978957	
-7850	10426.400645424514	-1964	-2312	9538.898041673365	
51098.0877644475	46779.91125399275	45006.911702092155	-80318	127671.01015385594	
-219060	-1386244	53388.546461586055	143828.57168113108	472624.71991761174	
37707.32813971406	-351755	47355.53441167994	-57211	141339.55307942448	
-46501	-8076252	7274554.986124509	1272568.422721054	2037866.4306607733	
5527916.768624821	-5084219	796842.9592432178	3812378.2468850533	1525384.3197984279	
-9356	-10590	4145.690128708756	4697.245419175571	6908.480720047078	
-39827	-1695	5700.073220024327	4870.734628722406	12677.74905832997	
-2808	-23689	52150.05412753784	-8563	25435.72434072784	
9156.820649549989	-8495	2514.0892967278305	-999	9754.506018855847	
7090.995379801551	972.742966823293	-3846	-765	3740.5476971658586	
-5147	5932.729269821239	3755.5901141785903	-1088	2706.6322344907917	
3448.724807118871	2744.7396909230442	-5014	1578.4509585359415	5858.520012558431	
-29421546	-22787574	7685154.806559626	20114503.418619357	12466614.695967073	
21666.094637337366	-134776	19714.59173688569	3384.5438278645506	39529.466253856255	
-2114	738.0812614246842	353.99821369961074	170.48072614428847	3023.5258195589986	
337287.0912262671	-996351	-578126	536539.9498047072	1954683.8702359707	
-66136	-93514	204150.66955778544	3971.1980913610723	191045.71585629391	
83179.55194140004	-35511	36226.15147786045	-4501	72520.49524617862	
18096.027666315797	-6095	-287	-9950	15685.229633075387	
2610.360765609311	-2053	14748.58846708265	434.22443776751123	4040.3932096196368	
-37152	-171584	85990.4782671791	28961.666888512063	327015.1260621733	
-4415216	-8192232	-1313170	38184.67417291807	3655888.974218207	
6877223.580322423	3711641.185806393	304668.1113480596	-9071002	6387495.632261336	
-503925	544036.0876160517	90447.04501415098	-490682	311731.0275494374	
-22324	140355.77900679185	15552.856363363351	-202325	88384.22822780508	
-28069	4384.36314531076	2037.7460913246716	-13948	22299.88180747378	
1679461.7916042332	-1831968	-2107836	315359.2585329082	2440018.4297015397	
853250.0173853587	-424421	-201709	43439.49184936555	490071.91799677844	
62330.76196175441	-185395	-123630	-9187	161741.08185989156	
-82308	-179890	22033.12961244801	-22101	130541.10331988508	
691947.171274438	-857454	-156	-274886	934138.1078018193	
1364884.738755987	-5728313	640820.0015037659	196593.35925058922	2903532.4590484407	
-1758341	-5840476	-133313	-802411	4160417.657792021	
9164238.566792866	-6479327	1216769.0782262275	-1732406	4350721.281075686	
10822319.066855203	-6372980	1712168.0175011146	-10580376	7239339.685069905	
75960.19460308985	-136739	-10547	-55218	95891.39714495887	
493308.0433101173	-440508	38872.61404430032	-259561	335602.3405208412	
-302579	-576970	409474.6476425639	133461.33787595664	314144.83406608034	
-139604	-200154	78167.41859275795	26737.394826229523	225135.8441183465	
201261.52266354018	-91118	14767.642195298777	27882.624174798802	77771.3016114227	
10764.353614310543	-12761	3111.774666033689	882.488464746905	12645.65856870281	
-40483	32412.397351232634	-60988	-10179	53356.455971958894	
-17442844	-93945928	-4809262	-6842308	68045972.86743255	
-80503	-96949	192598.09329200778	118473.07356447115	238942.77728043217	
-15345	-97880	-1752	-1578	68495.14445357172	
-1233301	-194595	-2623663	-3220323	9053123.240803223	
987438.4054169307	419003.5174062288	-852057	440578.35471368895	1012581.3040398107	
339149.3424524432	367213.47845919564	-541677	-195399	906066.9520004609	
129925.36705016394	246703.6616312007	-206658	-79011	285174.14172736066	
16705.105506538574	43612.98105891239	99692.11451017566	6185.441875635125	49216.78281005523	
-360705	2365952.5768142533	-237378	-74579	3206720.3965624473	
-1527672	-1117311	-407235	436772.6232094679	2137659.830778835	
36113030.49626911	-12269229	2582479.144262313	-7385902	6130118.874345702	
-1521367	412434.9953106695	188436.35791848545	21374.27174729038	451942.399352907	
59979.13076876408	-34695	9640.183649559089	-347	33821.37041142514	
-5001	-4772	6880.401541623312	-7534	18065.942832290333	
1396722.5157773334	-2501302	51287.62221880791	-244570	1749103.168234175	
123312.72053136725	-302262	134615.59267473358	-5812	175871.92840165138	
55457.38021473704	-256435	51502.227368189546	-2342	145112.1912662175	
-55277	-79242	-9643	-1809	65481.6469120212	
464551.9561207793	-1306256	63084.88846799268	18668.642340600436	602903.0823536745	
2232930.4775150684	-4114932	1091406.5776699255	-590378	2226340.8960356913	
-152823	2985951.867516797	253156.85852966242	63446.90930409908	1315503.4921865927	
-2298889	-3166926	819752.5603536078	2159246.702019905	3129547.7831481313	
1831193.6491838533	-2940674	898523.6812824766	-329779	3532753.7542075897	
48700.32649261812	-106443	-29792	-87088	110280.97325933767	
109575.985315341	-146252	20036.499460958137	-202149	150755.10330159345	
-325216	-362423	244501.45178053682	-77740	288809.39250543737	
-32467	-158499	84765.02269454193	-18501	97913.09799146996	
1372.8712593619466	-310639	36118.84890316964	130391.6819775586	67039.03848673931	
-10450	-3959	625.7645477296236	-4065	6366.95370758875	
22940.688772216134	-25618	-34359	-11912	57936.37053843516	
-74778951	-38777596	31525371.090686888	-14173292	48263678.22005596	
1049801.2578683123	-1842244	526931.8566447753	-51755	516988.81899935985	
-13308	26281.10817684334	23848.24793198426	153.4326535298596	20103.688923615005	
-1202569	100007.00243964216	282980.9573269044	-293153	3348274.5547912535	
56808.189262480315	95321.79095407677	24996.485763956083	-160293	125295.31109364523	
-153988	213857.03984220055	-7249	1847.208809163408	278402.045588229	
10052.345875707928	30026.67001301344	-4386	-773	19224.208942270645	
3515.9142697757375	9315.267442084092	10677.107595636702	-72	6393.0272304108175	
76163.76864666215	507866.09449503873	-45504	-14130	349165.5865273206	
-4323342	-2000680	-1259864	949554.5795842672	2620178.4497796204	
47119.86987848048	-88722	-23362	8874.02320971064	44449.339444820245	
-732641	-1553857	41912.18510867289	1580658.1825256096	176907.84951992813	
751479.0408440236	-469501	22604.741458931803	-38393	107702.70298335551	
57096.000841323905	-180921	34770.04551102806	25218.11070794366	75593.1596279792	
3886701.826517158	-3025268	337113.6020167203	342738.46315168095	2024399.4561231756	
343549.7508425676	-104110	-211434	-146208	336081.69220964686	
13599.347807309976	8340.5188196591	-24536	-25190	109492.75060787055	
-55599	-19801	52225.2662126015	6769.087655729101	63864.085669252156	
-472142	105585.7334957638	115136.66547104734	-38731	440769.89482365106	
-782779	-239600	360437.37100886065	365830.5789218252	463285.38460830733	
5119937.337233322	-11254867	640680.6084394479	-836349	4927473.622866628	
481119.67421860155	-2778571	10142482.044103814	-1208114	4880732.821896869	
-465531	-2199578	258011.54791357127	1870013.1133547088	2382421.014959791	
-105505	4190.81737974695	33707.04804212838	-5548	49559.749917945504	
135831.01996936227	227050.24239016676	-15250	26387.40792373331	176074.4996174228	
-391544	-185973	5853.505873554187	10334.140487746427	140857.19290721623	
73102.13537067089	-128092	-48692	1284.6224128872561	58690.49704467343	
-1523	-40825	13732.72390482286	1320.7242137178112	15985.075145529167	
-14997	4721.313286395942	-3693	-1479	5350.086317528112	
32925.84518526719	-9199	-21889	4261.015325806363	27120.475046153748	
60169934.80312037	-43552957	-28294	-10371650	27622944.92425242	
-3656	13589.319529301489	-7139	-6118	11979.780908939236	
239618.68321820424	-127763	-137331	-6353	123232.49430729935	
148610.05463557795	-10497592	15525361.833547482	-1332314	6797610.084040841	
-85504	657725.6725704742	-156520	-133952	530184.0272029277	
175146.88390163772	1245761.8327765658	-476425	-80509	1004481.4638923553	
21471.546043972707	37388.42889904416	23110.166670559574	-10479	84328.79260117271	
-2113	19528.06576592782	100883.47393758397	5205.679114205891	41221.2367538881	
-672386	390359.74693058577	-89114	-110620	1302024.4837153845	
-1426552	-1510808	1237443.3761685255	42845.817791263085	2574329.1627248153	
14432968.473321522	-7620079	1107051.694190967	-1658967	2470616.7115610368	
0	0	0	0	0	
166986.8740861314	-90384	10405.341261606689	62460.1267480639	35227.33498821509	
65494.683673432235	-120663	34852.27739069766	-94043	93053.39446855689	
1065930.7402171637	-2448945	784224.377025138	185673.56732714712	1008845.7704816491	
10966.924830081993	-278521	389262.65331645723	-103539	196272.45435431763	
18372.808139350054	-96568	8159.006987705477	-6747	58537.06439114357	
20024.465527347955	-271465	95348.86730469968	-9625	126960.00524305417	
657172.1116244057	-1545916	367896.4041915737	-175886	939725.8643081486	
1144816.1835153294	-952231	22970.773606241597	-1208969	1300295.6085867214	
-153878	-2650509	493325.0913827318	2040967.1742209978	3128476.763056825	
-3999362	-6482052	5580641.443082245	1213786.6683465033	3342346.8396604364	
-3695961	-2548226	865829.4893192055	1181137.6036342704	2615882.3354807845	
-288829	-189912	96864.14011178217	99083.39803506045	142096.68806906528	
-310056	-307875	20499.805904950263	168263.47387661188	119177.05868066697	
-72737	-146321	78389.04353674554	-14724	70362.4098187521	
-35015	-129617	-6911	101.28560788572432	72270.79112376728	
37803.59960859554	-230788	76497.71030434479	74218.28271301556	42203.00517091904	
-23101	-14385	-418	-5055	13886.15655835272	
-42470	-34756	33698.02259192074	25719.524608368036	36992.3119177089	
-32644207	-29147460	4587131.918158975	6784314.593057188	25040253.180496328	
8295.391568620907	-18455	-8141	140.3958921188258	16524.596502385797	
-18848	-41346	-79860	-7060	50848.383642036155	
7224245.121011529	-6583980	-2346367	117176.4172179737	4856408.230759481	
3768752.22906473	-2475668	-402046	212324.71896250366	1372451.074513391	
174235.3134306662	-2311741	-264588	64316.36100743495	1359092.4053782846	
40721.828509065424	93163.70552665026	-10119	-1178	33076.26935539451	
2556.208064363478	22667.919610385274	8268.315217997992	217.61363278418	8931.184394359017	
124306.52288200836	1400292.5827483549	-99890	13880.139591547628	462015.8046124328	
-1762236	-1099958	-49728	4851.68090050628	1775595.8730769975	
0	0	0	0	0	
-128806	97359.53704540145	15451.570755477627	70449.65583742593	77285.9329558119	
-2968	-21446	11717.040025116861	5505.524626659669	13978.416716030806	
14197.033176615834	-22526	6607.6323797924515	-317	10105.495749152911	
1292965.9401903176	-1930703	-512551	-186976	1088334.9161159256	
-39252	-75961	-137553	-41015	480699.48937004595	
65342.25384770322	-513766	-187653	66401.24000539951	317719.91517610615	
-15791	-39312	-23197	-13277	38440.3952621345	
-634504	-993739	414154.8449891251	26515.769882241948	746777.7841136446	
-676397	-1420156	260474.4929924558	175422.66154687112	1031326.1612932757	
417656.7196696889	-1310267	179999.56762994485	-529608	586242.1012703732	
-623343	-2443611	4409183.133381766	-705887	2947434.2545139976	
-1620815	315348.22742709884	1465347.0250172145	1127172.4311871964	2012907.0495254488	
-228914	-432348	627850.429555389	-95592	276353.268391095	
-1610	-96782	5991.896110071315	90725.83114278693	42602.13063565684	
-69297	-130392	-51551	-13463	109016.40740246738	
-142402	-273753	129528.24724102783	-42771	170553.93257375044	
135217.28935524283	-245014	-157222	4970.014581006433	149412.31687625695	
-614	3811.7484710261206	7689.683576908259	-7483	13186.182753360288	
175630.24690164684	782950.7857180601	-132905	-99116	224979.40298141408	
-47871503	-716839	-6181337	-13004919	48416315.63113975	
521524.6091425988	-505964	32340.19374957152	-8864	348477.64665593836	
-13684	-28414	-76823	1162.277421183708	42631.21264188145	
8369768.298126456	-8144583	-1325673	-553970	7948407.132560433	
728763.9883269984	-525555	-429065	-99005	898323.1157223069	
189908.50913013142	-560641	-735327	-49281	994603.610053995	
-13522	-49198	-15024	4713.290663989152	47772.710776833024	
5268.857265659362	-17176	42992.230650187004	598.6881971067071	10719.22636327235	
79597.45103676828	-652674	-194815	-30378	563939.210979497	
-323450	-370599	3238.130968940632	206245.5768337585	509668.17605316394	
24626.44230544289	-5202	-5232	-14977	10843.577010577596	
0	0	0	0	0	
53925.05933504014	-17596	3357.4674772416342	17565.531759666806	11891.532062464545	
-3137	-9701	1237.4895062473645	1461.120105836637	5665.97707479547	
1640541.0418254922	-1747710	-20421	260985.93517088867	1753075.369153337	
3634.2479502758906	-12385	-77432	4529.77317643383	42444.686670923584	
3709.460035339547	-24810	16656.969772097833	-7094	10685.130218043492	
-16812	-72707	29111.08823083853	23863.29034899699	24105.97467680239	
146596.37641147364	-931916	188765.28543716384	291291.39131253806	538772.2444893966	
-40358	110854.59076142315	47850.93134529923	125283.27716003505	103112.76013887076	
-180682	245492.2456477754	49652.01007562359	200611.69024859017	407978.42856369755	
50818.298808010695	-1769118	502728.6076712906	96801.96478812954	1417903.24175906	
-282436	-477311	846846.9618769394	76015.35013213653	1939082.8781381666	
-50132	-39935	-12898	22088.285141494693	30069.79160844994	
-32071	-11941	2225.274890083389	5921.698164011902	14574.096429734966	
-25397	-21313	16739.20165176743	-12706	25825.824355258006	
97.27429668232931	-9165	6149.34007480457	66.18663485601787	5328.024105909439	
1167.2915601879515	-4163	2325.5576701682644	1394.9334709806192	1070.0172635056224	
43.12159543649649	-283	-131	86.24319087299298	143.40437552137206	
-4460	-9425	-10589	3055.6163091861586	7546.279201386887	
-21368772	4594943.946727588	-3784685	7194905.388042097	14757156.6278131	
-6800	-102513	-17603	9582.019637109861	62242.51311527972	
-2618	-23530	-3536	435.22726556836	7885.234998073766	
2575527.5419468298	-2829363	227721.1341889346	1150605.508409629	2738763.8400577866	
61088.258316502805	-187484	-397	19331.511516961462	261967.7035879196	
85685.61861572108	-218883	49717.19388267876	55636.88639108896	289693.886625786	
45322.80245935951	-34126	-6904	14616.215197370615	44334.01424772264	
589.6627468990683	-11071	35238.36609402442	1372.8712593619466	12089.08913923175	
165861.7012935791	-597642	-169427	37154.7700214464	718961.3465737018	
-355559	383278.7798287927	-383631	178278.7151236884	464294.2293759612	
0	0	0	0	0	
-83	16.04524481358009	0	90.25450207638801	6.016966805092534	
-2237	-12283	3133.8368776523616	7262.478933746689	4593.9541556881495	
-310	-13	22.062211618672624	-152	155.43830913155713	
82319.12568827182	-51523	-3782	-21182	35767.859172872566	
993.8023506411168	3662.327128699656	600.6938527084046	-4360	1293.6478630948948	
613.7306141194384	-485	296.8370290512317	-571	48.13573444074027	
-1046	-995	1462.1229336374859	-2476	1357.8288423492152	
34218.490220561245	58719.57905089804	23392.964110398923	-33413	102662.49045628967	
-132945	-338655	-22439	176285.09345560108	131609.114927789	
331484.7295705562	-1682227	-14388	144139.4482993942	396417.82967551315	
233039.13001683555	-108279	-12248	-54619	135703.66083865447	
24970.412241134018	-69619	27743.231110480825	-139618	38808.433065045996	
773.1802344543906	610.7221307168923	-692	-1479	1654.6658714004468	
109.30823029251437	-1515	606.7108195134972	-1850	726.0473278144991	
-3103	-5017	-2339	520.4676286405042	2828.97722619434	
242.68432780539888	-2770	-680	1064.0002967005298	647.8267593482962	
1018.8730456623358	-1735	520.4676286405042	1315.7100747135676	122.34499170354819	
0	0	0	0	0	
373.05194191573713	-396	5.014139004243779	-55	30.08483402546267	
1074480.8500472002	-1016131	1327521.380551964	9096763.298212757	2797174.5481460234	
-175	-7431	1436.0494108154182	-993	1964.5396618627124	
-6559	-4349	2880.121444037626	407.1480871445948	3429.6710789027443	
147805.78673929724	133301.88825562168	-845512	581383.400575261	958325.3115304904	
-53016	-104452	10051.343047907078	64012.504183777775	43933.885955183985	
-10830	-112419	35420.880753778896	35973.438872046565	40778.989693713804	
25643.309695503533	-8898	-7369	121.34216390269944	10613.92944418323	
-361	-2997	9999.196002262943	305.8624792588705	2951.322217897888	
170022.4338393006	-174317	104262.00079864344	66606.8197045735	174411.8111236156	
195441.110107414	-1554210	197990.29837717154	738199.5951051844	2698506.320820514	
1050434.0422106478	-1876308	-64636	3425404.046610133	1788553.4110917642	
-150463	-27301	532.5015622506893	123696.80357909232	25175.991940308013	
12344.810228448183	1150.2434875735228	-1187	19098.85546716455	12713.850859160524	
-105898	-59222	3935.0962905305173	81579.03877124542	32360.2503055885	
138003.14498600067	-279483	187632.09002220473	15349.282319791055	210000.16412013624	
29017.825245359596	40945.45910865469	-44737	-30847	115268.03591295853	
-3007	-21540	25052.644120803616	-2600	10447.460029242337	
-3031	-4766	2242.3229626978177	355.0010415004595	4824.604549883364	
-58713	-225620	135392.78422039136	105594.75894597142	144912.6285338486	
-69387	892129.651224265	43059.42011284387	-110574	425776.6163731613	
18439.99760200692	-2897650	183380.100146606	1417526.1785059408	1687934.6836936043	
-905297	-845554	461962.6547389878	235432.87997746153	808872.8815421995	
-1205406	912699.6550752746	-314030	9272.145846647594	1163997.2708621635	
-12041	-18762	2605.3466266050673	7566.335757403862	11590.683722209918	
-12632	-34457	-14023	49945.838621272276	45515.34539712247	
-172369	-38045	-112075	8126.916498078316	121430.41274917412	
-4185	-16808	1288.633724090651	10506.626869492413	15023.36328451521	
8864.997759503	-27227	4028.3592760094516	13669.545753369388	2584.2872427872435	
-7712	-2498	-3267	3279.246908775431	7282.5354897636635	
16267.872585368516	-9106	-1087	7833.087952429631	5425.2984025917685	
-6847955	-7668472	-2646090	3654102.9379048953	10191208.444119256	
1953.5085560533762	-4528	-2257	315.890757267358	4869.731800921558	
-3062	-13757	-15702	-1956	16039.227846774998	
983303.7463940312	-534505	242065.5830522752	565011.2338986043	2093163.3584273746	
45929.51327887301	49715.188227077066	185662.53622133777	23874.321454806326	229458.03194000464	
21801.47639045195	38391.25669989291	-140629	-52799	190929.38783139543	
14885.97587579893	37044.458963353034	4269.037948213153	9070.577458676995	19185.098658037547	
1789.0447967141802	12805.10818903776	11924.625379892554	1852.2229481676518	7145.148081047384	
36239.18823927148	487916.84105275443	36787.73504633575	47249.234664789976	248328.24266857567	
-1468873	-504843	-299488	365322.14522679494	1919128.6105568781	
8206752.622131687	-8480344	428580.5229043344	3096760.3281993815	4066399.5429790476	
-1392910	-62523	136117.828720405	191732.6528998753	546647.4512094618	
199161.6012485629	73138.23717150145	16671.009361309716	102927.23699571374	140000.77796529137	
688471.3701166962	-593196	40681.71539703147	144287.86681391983	96811.99306613802	
1645820.930196961	-1625784	273855.22433918074	233421.20740895893	1496357.4691028607	
271241.8550901689	-400924	196162.14329622424	6715.937782284117	370351.32664805144	
17279.72583642491	-134989	68307.615654813	-25294	108295.37421365712	
1826.1494253455842	-104800	53708.448530056805	37793.57133058705	40739.8794094807	
-57298	-630828	208510.96483587584	228734.99309559268	533622.7237320382	
449719.13011842535	2492033.102075963	1175284.0977607162	2386419.289401775	2833591.236906045	
1400451.029540889	1429984.308275885	355753.1623510961	630203.0635761801	1312202.1830661986	
5714847.882014232	-5893949	3814567.419974306	1383662.68932688	3147787.2151899687	
2343075.0661934903	-822544	369042.6363679438	-53709	3005012.6155275297	
-151787	-115887	2431.8574170582324	56001.91571059791	72358.03714244111	
-88461	-254244	30860.01991551876	89192.50743528918	169412.71453638453	
-107017	-229489	57052.87924588741	0	185901.2092379398	
7938.38487151875	-86192	-21996	4041.3960374204853	70758.52680008735	
24323.58830958657	-47742	-9942	-100	22777.227840677788	
-7819	7449.004904704558	-1089	-7089	4832.627172290154	
48638.1511689655	-60941	-3690	4741.369842412917	27512.58071628561	
19067393.750568524	-39516932	-10055004	9251414.387520649	21450754.41517771	
120261.11553338448	-306119	96307.5706823111	43210.84711077203	111263.74450416944	
11214.623296891636	-69242	22433.257904986665	-3910	37874.8003824558	
-6270913	-23499	2397099.4054808146	22745.137351050627	4624455.163250965	
-721806	182061.3815884899	5850.4973901516405	72150.45178766543	701208.2860152763	
80745.68886874011	240606.46860204026	51708.80989516439	98058.50802259303	903827.6375211657	
16304.977213999919	-9683	-12815	-2010	74054.8217814772	
16493.508840559483	-6568	51715.82968977033	723.0388444119528	45893.41147804246	
553329.292846517	-324543	-71248	158584.17994281967	1214432.4894502498	
-741530	-5062482	-142306	98420.52885869943	1929064.6284076876	
11795961.570215859	-4702224	536230.0760142449	-116953	2270710.0092564435	
0	0	0	0	0	
15876.7697430375	1282.6167572855586	950.6807552046204	-11850	5114.421784328654	
999.8193174462094	-261	672.8974543695151	-290	2579.2731037829994	
186094.75500350358	-298836	111780.20082160656	-6978	171881.67658207417	
2335.585948176752	2572.2533091770583	760.1434730433568	-4977	1079.042713713261	
966.7260000182005	-1433	2740.728379719649	-2028	916.5846099757626	
-1966	-3501	1254.5375788617935	5.014139004243779	1825.1465975447354	
-59642	-12632	31045.54305867578	-3790	39407.1212621527	
-1798968	-194515	291226.2075054829	-895950	1330114.693244959	
-44705	-552073	56531.40878944605	37809.616575400636	356167.3302328466	
-960452	-318447	1230880.8710397712	268228.3575486184	968612.319111597	
-884011	-280343	196737.76645391143	-407440	937069.3734637002	
-304605	-192522	-167200	39363.999666716205	192576.0310803891	
-15257	-417	2384.724510418341	819.3103132934334	5072.303016693007	
-7506	-4888	5460.397375621475	-10618	15883.78953764344	
-1417	1813.1126639345503	-2164	-2185	1439.0578942179643	
-38	-649	143.40437552137206	-414	793.2367904713658	
107.30257469081685	18.050900415277603	-393	-352	312.8822738648118	
937.6439937935866	3593.1320104410916	-3637	-1431	2544.1741307532934	
-32397559	-13372889	-5013364	-4781591	26205684.495113704	
84757.00007213514	46660.57474569175	-77362	-15448	266407.22226227704	
4987.062653620862	-6662	-7096	2405.783894236165	10239.874674466644	
3577320.4245051094	-3166529	1225043.4104110305	102846.00794384499	1925230.8177250428	
-103977	848893.7334184716	-171402	183257.75515490246	1031160.6947061355	
236000.48051274192	760170.5493939797	15324.211624769836	273647.6389844051	917970.5179965356	
128733.00479495477	-126184	102948.29637953156	181882.87823993881	137348.29843204643	
12395.95444629147	-35631	134445.11194858927	4943.941058184366	34577.5025732651	
761536.4008587358	-2124384	249366.16944245415	507504.07365893235	2379055.524860143	
-339019	-2134359	136080.7240917736	212275.58040026206	1639482.055667796	
4125613.516135764	-3677052	591785.7333534652	1637643.87230884	1343812.3181767522	
0	0	0	0	0	
183728.08139350053	-17655	8827.893130871596	5464.40868682487	35001.69873302412	
101244.49194588953	-65841	9518.841485656389	-1526	44754.199096278266	
218243.408643113	-49273	20081.626711996334	-60146	348136.6852036498	
2053.7913361382516	-2732	637.7984813398086	-32915	37167.806782857435	
2919.2317282707277	-3707	-518	-3275	2820.95460378755	
-1684	-41740	-6960	4897.810979345323	23572.47028675085	
-142627	-66438	67130.29581661655	57587.38646373979	143341.1973699186	
-2171913	-1530870	963865.9351301799	1092676.1576658	1587670.957336945	
20877.871985870246	1414051.3801759998	92243.1096054711	111214.60594192786	1014760.448851055	
527569.6551261151	-1527431	908156.8451374298	-140548	1142468.5636335423	
-341566	-1336675	988306.8542924657	-3066813	2277084.985586439	
-8044	-5082	1835.1748755532228	3723.49962455143	3784.672120403204	
-65064	11301.869315565476	1817.1239751379453	-11394	28989.74606693583	
-12593	6708.917987678175	-2035	-12526	13609.376085318463	
2124.992109998513	5535.609460685131	697.968149390734	-6543	2591.3070373931846	
214.6051493816337	444.25271577599875	-56	-310	220.62211618672626	
1461.120105836637	976.7542780266881	142.4015477205233	-1412	653.8437261533887	
-8272	6223.549332067378	-2486	-3306	6101.20434036383	
-5809523	-16402374	1115360.1225209988	620229.9410967393	16738976.01551224	
118430.9547968355	-356898	69856.98460712432	45741.98448011429	162505.23664413832	
4186.806068543555	-10455	-13642	-80	19228.220253474043	
-311899	-562534	717273.5873848733	1168688.499314534	3034710.3580218647	
-37417	161425.1911026242	151334.73777048403	-10523	224865.08061211734	
80062.7631363621	171063.3690965816	134954.54847142045	59366.402982445485	236161.93578867856	
13665.534442165994	18485.124853045112	14305.3385791075	16613.848176661337	41352.60719579929	
9864.81707694921	7377.804130844295	29279.56330138112	2535.1486805456543	15698.266394486422	
-17632	115913.85701670512	99618.90808071369	36275.29004010204	382338.1273515966	
-102476	-496040	134478.2052660173	37724.37621232849	561416.0962325614	
4512131.429761298	-3206232	201798.03553699426	2252785.4651440727	663836.9051888465	
-434393	-295787	318482.0643047512	-333322	937994.9835238836	
144.40720332222082	-3098	1510.258668078226	-3591	7496.137811344449	
-2089	-12037	838.3640415095598	10542.72867032297	2453.919628676905	
320845.72943135176	-510568	364017.4662578907	-1220	270233.01032251504	
21944.88076597332	-27705	-8840	-23250	35703.67819361825	
642.8126203440524	-1379	-184	-1593	1461.120105836637	
-1813	-3237	-3683	-886	3065.644587194646	
-115846	23258.58518508519	44633.85976017642	-87555	117675.82546279639	
-1459926	98630.11986907682	676222.8313571295	1555625.594960823	2150852.030499	
956325.672895598	-732569	301509.20377538603	-1348704	1651026.6093111667	
-2563016	-2033891	512000.75351793814	696671.4930442366	1251329.5327268783	
-991131	-987281	168582.37311728176	1254493.454438556	938042.1164305236	
-9501	-3721	1553.3802635147226	3552.0160706062925	4184.800412941858	
-109968	69148.9881797251	12255.558554172643	30724.638162404175	41510.051160532545	
-35795	-25495	-1901	-13279	32721.26831389405	
-6350	-4334	457.2894771870326	-2672	10058.36284251302	
4490.662892200728	20851.798463048177	-66464	-36920	44289.8898244853	
-15573	-4248	6938.56555407254	2474.979012494729	6246.6143714868995	
30332.532492272312	-15942	-4176	-13994	8471.889261570288	
-26987836	-30152780	11585499.10247953	9429523.624745993	24945877.05615845	
6289.735966923396	1763.9741016929613	-6859	-3734	9329.307031295974	
-1616	8947.229639172598	-291	-4841	13433.881220169931	
3083604.2302800464	-936103	1893718.9597389724	-313040	2647894.604539478	
892767.4497056047	-1443045	-583554	-54396	716581.6362022877	
-273899	-1573092	996037.6538092088	-121047	632440.3723998737	
14679.393348824085	62400.95990781382	8541.084379828852	-7906	29235.438878143774	
11404.157751252049	110043.30307053651	100339.94126952394	-5668	58182.06334964311	
250533.46100264209	1339705.7383322765	232776.38913301317	-14811	660293.9145684479	
-27661	-453575	-232461	-35190	676465.5156849349	
524312.4704289583	-313109	94770.23566360996	115420.46573868753	190809.0484952936	
-302550	-170791	10246.894469072586	137691.2655399367	82365.25576711085	
-2429	-8407	1808.0985249303064	14725.523427663129	11165.484734650046	
5197.656491799101	-2884	713.0105664034653	14.03958921188258	3276.2384253728846	
172243.69741818059	-260857	92724.4669498785	-14426	201260.51983573934	
18958.459575045727	-3387	9241.058184821284	-13266	11858.438745036536	
2524.117574736318	1480.1738340527634	4321.184993857289	-5291	4916.864707561449	
-621	1334.7638029296938	-1958	-1057	1352.8147033449713	
195.55142116550735	4863.714834116465	7376.801303043447	-18206	20269.15551075505	
180616.30672746684	196456.9746696738	18718.783730642874	-370139	641146.9233668426	
187590.97408236994	-687123	56853.316513518505	-3289	126405.4414691848	
-201164	-259772	792933.9364755094	101154.23744381314	628895.3761238734	
1119253.1000438938	-938927	190977.5235658362	-463972	1205908.4531430355	
-5255	-2770	584.6486078948245	2859.0620602198023	3039.5710643725783	
-30985	-11121	3471.7898465383923	314.88792946650926	18497.158786655298	
-3845	5433.321024998559	3292.283670186465	-5663	5119.435923332898	
-8682	-24303	6255.639821694538	9761.525813461787	7533.242439975853	
1969.5538008669562	-2916	2337.5916037784496	-3577	4340.2387220734145	
-4	-42	-13	77.21774066535419	17.048072614428847	
9472.711406817347	-7694	-5687	1108.124719937875	3172.947161885463	
-27557932	-9890919	3731888.2791055297	8317258.228818414	15036742.010206332	
15470.624483693755	-14468	-2749	-3641	10102.487265750366	
3778.6551535981116	-17313	-11531	235.6645331994576	15675.2013550669	
1897343.17941124	-248303	-25717	-208683	1057384.6416983306	
251870.2304611735	-146256	15519.763045935342	3965.18112455598	96774.88843750663	
10585.850265759465	-136740	18746.86290906664	28599.646052405664	99344.13326328114	
6302.772728334429	-5194	558.5750850727569	-1134	6487.293043690601	
-1768	-3526	6397.038541614213	-578	4349.264172281053	
66847.4983767772	-209484	131919.9915460521	6317.815145347161	222889.50984444527	
-21037	6749.031099712126	-18915	18154.191678765023	81390.50714468586	
2335484.6625688663	-825545	128954.62973894234	344799.2742824251	146962.40855878344	
-125613	614809.6568331517	782626.8723383859	568626.428120664	577648.8698449002	
-2798	7292.563767772152	245.69281120794514	-3068	1790.047624515029	
12707.833892355433	-31482	4090.5345996620745	18034.855170464023	8580.194664061954	
14828.81469115055	-22134	12101.123072841934	-5754	22839.40316433041	
-11989	-50065	45823.21353198304	11728.071130926197	4553.8410436542	
1224.4527448363308	2729.697273910313	2412.803688842106	-1034	2044.7658859306127	
28.07917842376516	283.8002676401979	-161	-91	44.12442323734525	
805.2707240815508	-18790	3734.530730360766	11099.298099794029	2331.574636973357	
-4169927	-4676740	-1717083	5468767.97927516	846887.0749889733	
120907.93946493193	335077.8615809973	126353.29442354068	4514.730759421098	190650.60170275948	
-178333	105211.6787260472	128887.44027628547	-49669	242229.04398381355	
1360570.5735567356	-82977	26435.54365817405	23915.437394641125	283417.1874202736	
-3421	4444.532813361685	-5437	-389	1275.5969626796173	
-31363	-5514	-3133	15341.259697384265	7146.1509088482335	
-80	53.14987344498405	50.141390042437784	-58	76.21491286450544	
-466	-302	-642	-140	423.1933319581749	
0	0	0	0	0	
-146	48.13573444074027	10.028278008487558	159.44962033495216	18.050900415277603	
420.18484855562866	1006.8391120521508	-54	-442	718.0247054077091	
-17201754	-1962224	5546777.953903184	983678.8039915487	2806219.0520818783	
-1114	-4457	-5536	1133.195414959094	4474.617647387148	
-102	-1001	-8070	-167	4902.825118349567	
108602.23952071684	-41913	-344420	22017.08436763443	249566.7350026239	
57758.87001768493	-62053	1525.3010850909575	7627.508253255636	39470.299413606175	
34972.616726799504	-82102	-15179	-37606	63047.78383936127	
36330.445569148724	-35662	-17366	-1658	27448.399737031294	
1327.7440083237525	-12555	-7557	-5027	11402.152095650352	
398221.91688924003	-695096	120146.79316408772	-45723	484838.15970414877	
-33708	-50371	96978.46248107892	-11496	122730.07757907412	
5368742.925935102	-2220971	-96699	944621.6696318922	1006581.3853073326	
-54	-672	-235	248.7012946104914	345.9755912928207	
0	0	0	0	0	
-114	-100	-6	44.12442323734525	69.19511825856414	
71360.2234805966	-131283	112131.19055190362	-29172	74214.27140181216	
3683.38651251748	-162	-17	-2517	1664.6941494089344	
94.26581327978303	-1822	1513.2671514807723	-57	312.8822738648118	
-152	-876	-989	-212	599.6910249075559	
-129623	92631.20396439957	20009.42311033522	-38275	96246.39818645932	
-713085	-1215039	-570393	861689.8161573018	578313.744676863	
155041.18932242104	-868121	-126865	-14829	385661.49868360936	
-245793	-218093	23297.695469318292	-46252	244738.1191415371	
78394.05767574978	258725.56130777558	-44	311100.24886270356	286752.5926858966	
-6982	-5316	-76	1213.4216390269944	3776.649497996414	
-7916	4395.394251120096	554.5637738693619	-894	3656.3101618945634	
-37	-28	-34	-27	47.132906639891516	
-3439	-1421	-2353	1241.5008174507595	2428.8489336556863	
0	0	0	0	0	
-1493	-745	25.070695021218892	268.75785062746655	857.4177697256861	
-93	526.4845954455967	-511	-89	73.20642946195916	
-23160817	-1787223	-4221700	17136558.12826454	13022449.052660111	
18863.190933965096	-31042	-8216	6136.303313393536	12672.734919325725	
-442	-1010	-6990	692.9540103864902	3361.4787884450293	
964264.0577671168	-1277389	285523.12580205605	192132.78119241394	543895.6917239329	
7481.095394331717	-12462	-10183	-18188	31473.750529638197	
18614.489639354604	-20626	-13662	-10714	49193.71777063571	
7903.285898489044	15081.527296964437	1980.5849066762926	996.8108340436631	11088.266993984691	
187.5287987587173	5237.769603833051	9417.555877770665	241.68150000455012	4002.2857531873838	
64316.36100743495	243811.50625355289	49754.29851131017	14477.824960853486	193624.9889600769	
-274166	-1777386	977056.1291947435	-426480	1330349.3549503577	
1948015.0653603266	-1247883	444934.63868057594	-181436	684233.4198303095	
-4398702	362625.5412703126	356524.33692994877	854378.1986613135	2286339.0805326714	
22059.20313527008	-2944	2860.0648880206513	-5226	20533.90205017912	
22948.711394622926	-37636	1442.0663776205106	33336.00175581434	4973.02306440898	
512461.0514785277	-205705	172073.21669203628	-78360	550644.722823645	
2341.6029149818446	23176.353305415592	44022.13480165868	-27954	38263.89756918512	
-162	555.5666016702106	-7163	-2044	2561.222203367722	
-10768	50802.25356319711	-59927	-17375	23526.34020791181	
-75189	-7688	14668.36224301475	33882.54290727691	63201.21649289113	
8716875.079178635	-1529057	288170.59119629674	-1304971	2450644.393079333	
-805311	-589466	3904.008628704206	765041.2840227021	1907777.602679071	
-123049	-380186	-30838	264864.87310457166	452960.2695707685	
-2340407	86913.07984395996	91338.55892910552	1362823.9276252429	888914.5852947439	
-44069	-746	-2725	18977.513303261854	21554.780751443155	
-31423	-8752	-3903	19325.49455015637	8302.411363226849	
-2164	-657	-2819	-820	2004.6527738966627	
-2034	-3778	-2131	-1300	3243.1451079448757	
-62484	184211.44439350962	-110959	-144113	114512.90657891941	
255.7210892164327	306.8653070597192	-1110	-641	397.1198091361073	
121.34216390269944	-246	-347	19.05372821612636	182.51465975447354	
-24559835	-452909	537625.0094852255	6232944.825733529	27135238.677037843	
8145.970226294443	-6872	-7917	3212.0574461185643	6331.854734559043	
4600.973950294091	-10842	12551.392755423027	1270.5828236753734	7181.2498818779395	
1512250.2840907117	-1982890	829831.9825799386	-139975	2257856.765332965	
614066.5614327228	-311647	21542.74681783297	-306885	299146.54147658637	
158491.9197851416	-275717	-74797	-83006	266331.00734941254	
-78777	-50833	-3269	27340.094334539626	43823.57489709062	
20273.166821958446	-45406	81448.67115713509	11472.350041709766	21622.97304190087	
160130.54041172846	-1273668	118400.86996281004	19426.780158042096	880722.4849896104	
